area_sqft,bedrooms,bathrooms,age_years,floor,total_floors,parking,city_tier,property_type,furnishing,price_inr
2481.0,1,2,7,19,30,0,tier2,independent_house,fully,15056327.0
2267.0,3,4,15,10,22,1,tier1,villa,unfurnished,18563466.0
697.0,3,2,28,12,21,3,tier3,apartment,unfurnished,1807535.0
887.0,4,3,2,7,12,0,tier2,independent_house,semi,6680642.0
2840.0,3,2,37,18,28,0,metro,apartment,semi,16764922.0
2733.0,1,1,7,1,9,1,tier3,independent_house,fully,11340961.0
2675.0,2,2,32,5,18,2,tier2,villa,unfurnished,13172224.0
1041.0,3,2,25,20,24,3,tier2,apartment,unfurnished,4763363.0
2490.0,5,5,34,10,11,2,metro,apartment,semi,21107105.0
649.0,3,2,31,3,5,1,tier1,independent_house,unfurnished,4328494.0
990.0,4,5,21,8,11,3,tier1,apartment,unfurnished,5230364.0
2444.0,4,5,30,5,15,0,tier3,independent_house,unfurnished,6886862.0
2929.0,2,3,14,11,14,3,tier2,independent_house,unfurnished,16888539.0
3087.0,5,4,23,4,6,1,tier2,independent_house,fully,16605305.0
4425.0,4,5,37,8,14,1,tier1,apartment,unfurnished,18521400.0
3902.0,5,5,3,19,30,3,metro,independent_house,semi,25000000.0
1957.0,4,5,14,1,7,2,tier2,studio,semi,6744588.0
3609.0,4,5,0,16,20,1,metro,apartment,semi,25000000.0
792.0,1,1,21,1,5,1,tier2,apartment,semi,2835889.0
3914.0,3,2,32,9,21,1,tier2,apartment,semi,15017996.0
1985.0,1,2,1,14,21,3,tier2,apartment,fully,9215037.0
3516.0,4,4,22,20,26,0,tier1,independent_house,unfurnished,25000000.0
4379.0,4,5,17,5,16,0,tier3,villa,fully,21112591.0
3283.0,3,4,32,1,7,1,tier3,villa,unfurnished,12145141.0
4173.0,2,1,9,15,20,1,tier2,apartment,semi,19634171.0
441.0,1,2,6,18,29,3,metro,apartment,semi,3819143.0
1099.0,4,3,3,11,16,0,tier1,apartment,unfurnished,6562971.0
2967.0,4,3,16,1,9,3,metro,independent_house,unfurnished,25000000.0
2616.0,3,2,19,10,20,3,metro,villa,unfurnished,25000000.0
893.0,4,5,37,8,11,1,tier2,apartment,unfurnished,2855314.0
3345.0,4,3,19,9,11,3,tier2,independent_house,semi,19988218.0
640.0,3,4,7,1,13,3,tier3,apartment,unfurnished,1731099.0
4462.0,1,1,28,6,11,3,tier1,apartment,fully,23386779.0
1041.0,5,5,2,20,25,1,tier1,apartment,fully,9097036.0
2226.0,3,2,14,0,9,1,tier1,studio,unfurnished,9992136.0
3775.0,4,4,26,19,21,3,metro,independent_house,unfurnished,25000000.0
2507.0,5,5,10,10,11,1,metro,villa,semi,25000000.0
3449.0,2,3,24,12,18,0,tier1,apartment,fully,19902182.0
3284.0,4,5,18,19,30,2,metro,apartment,unfurnished,25000000.0
4289.0,1,2,39,4,13,1,tier2,villa,unfurnished,18238116.0
2302.0,5,5,11,20,29,3,tier1,apartment,fully,17111369.0
4413.0,1,1,37,5,14,3,tier2,studio,semi,11958425.0
2518.0,3,2,25,7,20,0,tier2,independent_house,unfurnished,12853164.0
4062.0,2,3,30,9,21,3,tier1,apartment,fully,21905837.0
3403.0,1,1,6,12,13,3,tier2,independent_house,fully,22792700.0
944.0,3,4,0,6,14,3,tier2,studio,semi,3597250.0
3038.0,5,5,29,16,24,1,tier1,villa,unfurnished,23624192.0
4001.0,1,1,19,0,4,2,tier1,villa,semi,25000000.0
926.0,2,3,12,13,27,3,tier2,studio,unfurnished,2561389.0
3838.0,1,2,36,13,17,3,metro,apartment,semi,25000000.0
832.0,1,1,13,11,23,1,metro,independent_house,unfurnished,9345453.0
3971.0,2,2,17,12,14,2,metro,apartment,semi,25000000.0
3634.0,3,2,29,15,24,1,tier2,villa,fully,21654754.0
1021.0,4,5,39,18,29,1,tier2,independent_house,fully,5447654.0
3378.0,4,3,36,4,12,2,tier2,villa,fully,23021598.0
878.0,4,5,26,10,12,1,tier2,villa,unfurnished,4668446.0
2728.0,4,5,4,11,13,0,tier1,villa,unfurnished,25000000.0
4187.0,2,1,4,7,16,2,tier2,apartment,semi,19229637.0
1244.0,5,5,28,20,30,1,metro,apartment,unfurnished,8633399.0
1112.0,1,1,20,10,19,2,metro,apartment,unfurnished,8185642.0
2133.0,4,4,5,12,14,1,tier2,villa,fully,16384798.0
1911.0,1,1,28,4,15,3,tier1,apartment,unfurnished,8957499.0
598.0,4,4,38,8,15,3,tier2,apartment,unfurnished,2012572.0
2269.0,1,2,2,13,15,1,tier2,independent_house,semi,11843060.0
1464.0,2,2,33,8,14,2,tier2,apartment,fully,4569580.0
910.0,2,2,14,16,19,0,tier2,apartment,semi,3901040.0
1531.0,4,3,16,2,16,3,tier2,apartment,unfurnished,6122848.0
484.0,1,2,29,3,16,0,tier1,apartment,semi,2722295.0
4151.0,2,1,10,7,9,3,metro,independent_house,fully,25000000.0
4475.0,2,2,6,6,15,3,tier1,apartment,unfurnished,25000000.0
1907.0,4,3,39,17,18,0,metro,apartment,semi,15046622.0
3994.0,5,4,14,18,25,0,tier1,studio,semi,20639111.0
2291.0,4,4,6,9,12,2,tier3,independent_house,semi,9531564.0
4140.0,3,4,28,10,21,3,metro,independent_house,unfurnished,25000000.0
1109.0,2,1,8,6,8,2,metro,independent_house,fully,15009445.0
1566.0,5,5,31,11,24,0,tier1,studio,unfurnished,5917400.0
3433.0,1,2,2,14,18,2,tier1,apartment,unfurnished,21455328.0
1302.0,1,1,21,15,19,1,tier2,villa,unfurnished,7027366.0
3776.0,2,1,16,20,30,3,tier2,villa,semi,23461473.0
2146.0,2,1,39,12,25,3,tier2,apartment,unfurnished,6472389.0
2055.0,3,4,21,7,9,3,tier2,apartment,fully,9778038.0
2258.0,5,4,37,1,3,1,tier1,apartment,fully,12226878.0
3671.0,4,3,10,14,26,1,tier2,independent_house,unfurnished,20397967.0
422.0,2,1,19,16,30,3,metro,independent_house,fully,4430255.0
3477.0,2,3,33,11,18,0,metro,independent_house,fully,25000000.0
3594.0,4,4,6,19,22,0,metro,apartment,unfurnished,25000000.0
3766.0,2,3,38,6,9,0,tier2,apartment,semi,12653884.0
4486.0,5,5,31,1,5,2,tier1,villa,fully,25000000.0
3607.0,3,2,27,13,23,0,metro,villa,fully,25000000.0
2567.0,3,2,9,2,4,2,tier1,studio,semi,14966406.0
2311.0,5,4,33,1,10,0,metro,independent_house,fully,23835722.0
1991.0,2,1,34,14,26,3,tier2,studio,semi,5140987.0
3791.0,3,3,11,9,12,1,tier1,independent_house,unfurnished,25000000.0
2010.0,3,2,24,12,26,0,tier1,studio,unfurnished,6512550.0
2747.0,2,1,2,15,29,2,tier1,villa,semi,25000000.0
793.0,1,1,16,8,13,1,tier2,apartment,unfurnished,3083053.0
1701.0,2,2,6,12,14,1,tier1,apartment,unfurnished,10453085.0
1491.0,1,2,22,11,16,2,metro,apartment,unfurnished,7622353.0
2183.0,4,4,22,12,16,3,metro,apartment,fully,19750474.0
2458.0,1,1,21,14,18,3,tier3,apartment,semi,5780274.0
3337.0,2,2,27,7,20,1,tier3,studio,unfurnished,6114955.0
2170.0,5,4,37,10,13,3,tier2,apartment,unfurnished,8353019.0
1016.0,3,3,8,12,17,0,tier1,studio,unfurnished,4586881.0
2634.0,4,4,8,2,14,3,tier3,independent_house,unfurnished,9775960.0
624.0,4,3,8,4,5,3,tier2,villa,semi,5508351.0
3881.0,2,3,38,1,2,2,tier2,independent_house,unfurnished,15757939.0
3559.0,4,4,3,4,9,2,tier1,apartment,fully,25000000.0
1323.0,2,3,1,9,23,2,tier1,villa,unfurnished,13672184.0
1479.0,4,3,6,19,30,0,metro,apartment,unfurnished,13105265.0
513.0,4,5,31,19,30,3,tier3,studio,fully,1041562.0
1894.0,5,5,23,16,29,2,tier1,apartment,unfurnished,12180696.0
556.0,5,5,37,11,13,3,metro,apartment,unfurnished,4140168.0
4239.0,1,1,8,4,10,0,tier1,independent_house,unfurnished,25000000.0
950.0,2,2,16,7,15,3,tier2,independent_house,semi,5559873.0
3103.0,3,2,22,16,19,1,metro,villa,unfurnished,25000000.0
2738.0,2,3,2,19,30,3,tier3,villa,fully,15714376.0
1371.0,4,3,37,20,29,3,tier2,apartment,semi,5668162.0
3713.0,5,4,32,8,20,3,tier2,independent_house,fully,23387886.0
846.0,2,2,5,10,14,3,tier1,apartment,semi,5814126.0
4035.0,5,5,34,10,21,0,tier2,apartment,fully,13307336.0
3435.0,5,5,18,1,3,1,tier2,apartment,semi,16114445.0
3003.0,5,5,13,2,3,1,tier2,apartment,semi,12254441.0
4006.0,1,1,38,0,9,2,metro,apartment,semi,25000000.0
2052.0,2,3,21,15,16,3,tier1,villa,semi,19162255.0
1554.0,1,1,9,4,8,2,metro,apartment,unfurnished,10868694.0
1033.0,1,1,33,14,26,2,tier1,apartment,semi,5191429.0
4189.0,1,1,29,7,14,3,tier1,villa,unfurnished,25000000.0
2045.0,3,4,7,16,22,0,metro,apartment,semi,17556175.0
3800.0,1,1,27,2,7,2,metro,independent_house,unfurnished,25000000.0
1762.0,2,1,25,6,16,2,tier2,studio,unfurnished,5545766.0
4315.0,5,5,11,4,18,0,metro,apartment,unfurnished,25000000.0
3967.0,5,5,17,9,20,2,tier3,studio,unfurnished,7971174.0
1662.0,5,4,34,11,17,3,tier2,apartment,unfurnished,6217557.0
2395.0,1,1,7,3,9,3,tier1,apartment,unfurnished,14822483.0
3655.0,4,3,29,14,16,3,tier2,independent_house,semi,22240398.0
1327.0,4,4,34,20,23,3,metro,independent_house,semi,15066834.0
497.0,1,2,38,0,4,1,tier3,independent_house,fully,1128435.0
1584.0,5,5,13,1,7,0,tier1,apartment,fully,10160607.0
2821.0,3,2,10,19,30,3,tier2,independent_house,unfurnished,16399151.0
959.0,5,5,38,13,26,1,metro,apartment,semi,6312511.0
1766.0,1,1,18,19,21,2,tier1,apartment,semi,7056484.0
4166.0,4,3,23,14,19,0,tier1,apartment,unfurnished,20686562.0
707.0,1,1,21,15,16,3,tier3,studio,semi,1387915.0
606.0,5,4,21,3,4,3,tier2,apartment,semi,2630720.0
2137.0,4,5,25,10,16,3,tier1,independent_house,semi,16152233.0
452.0,1,1,17,7,21,0,tier1,villa,unfurnished,3631086.0
514.0,2,1,16,17,20,3,tier1,independent_house,semi,4401895.0
1150.0,2,3,16,0,10,2,tier1,independent_house,unfurnished,8144729.0
819.0,1,1,26,0,6,0,tier1,independent_house,fully,6345820.0
3724.0,1,2,33,11,19,2,metro,apartment,fully,25000000.0
903.0,5,5,22,20,30,1,tier2,apartment,unfurnished,3298668.0
2546.0,5,4,27,20,30,2,tier3,villa,fully,10927962.0
3291.0,3,3,16,12,24,0,metro,apartment,fully,25000000.0
2965.0,5,5,31,9,15,2,tier2,apartment,semi,12861826.0
3080.0,4,4,16,5,6,2,metro,apartment,unfurnished,23787493.0
1866.0,1,2,17,20,30,2,tier2,apartment,fully,8256178.0
4044.0,4,5,2,3,17,3,tier1,apartment,semi,25000000.0
681.0,1,1,10,2,15,2,tier2,apartment,unfurnished,3087602.0
839.0,5,5,30,10,17,2,tier2,studio,semi,2612107.0
3910.0,2,2,3,8,12,0,tier2,apartment,semi,16203295.0
680.0,1,2,9,10,13,3,metro,studio,unfurnished,4380854.0
1186.0,2,2,31,18,24,1,tier3,studio,fully,2334990.0
1110.0,4,4,35,5,10,2,metro,apartment,unfurnished,7337091.0
535.0,5,5,17,18,22,2,metro,independent_house,semi,5994930.0
879.0,3,4,16,4,18,3,tier2,villa,semi,6501613.0
2748.0,1,1,20,6,16,1,tier1,independent_house,unfurnished,18685052.0
3110.0,5,5,31,0,4,1,tier2,apartment,semi,10369099.0
741.0,4,3,19,14,23,3,tier2,apartment,semi,3375736.0
4263.0,3,4,7,18,28,2,tier1,apartment,semi,25000000.0
792.0,3,2,17,18,26,1,tier3,villa,semi,3081093.0
3216.0,5,4,10,3,17,1,tier1,studio,fully,17071232.0
3681.0,2,1,28,16,30,3,tier1,independent_house,fully,25000000.0
2535.0,1,1,5,2,9,3,tier1,independent_house,unfurnished,22745823.0
2415.0,1,1,24,13,20,0,tier3,studio,unfurnished,4208537.0
847.0,4,4,5,14,18,1,metro,independent_house,semi,11157943.0
1390.0,5,5,39,3,14,3,metro,apartment,fully,11621247.0
3887.0,4,3,26,2,16,0,tier1,independent_house,fully,25000000.0
1829.0,4,4,5,1,11,0,tier3,apartment,unfurnished,4772501.0
541.0,2,3,39,14,17,0,tier3,apartment,fully,1102173.0
3389.0,3,3,23,12,20,2,tier2,villa,unfurnished,19269585.0
3202.0,1,2,24,2,14,1,tier3,studio,unfurnished,5941724.0
672.0,2,2,2,10,11,1,tier3,apartment,semi,2217858.0
609.0,4,3,7,16,25,0,tier1,villa,unfurnished,5429012.0
877.0,5,5,33,4,14,2,tier1,apartment,semi,4959434.0
608.0,5,5,19,12,20,3,tier2,apartment,semi,2717720.0
2926.0,5,4,25,6,15,0,tier2,apartment,fully,12300221.0
943.0,1,2,40,5,18,2,tier1,independent_house,fully,5849908.0
2888.0,5,4,17,8,10,3,metro,independent_house,unfurnished,25000000.0
1122.0,2,1,15,7,15,2,tier2,apartment,semi,4699628.0
4387.0,4,3,32,10,22,2,tier1,apartment,semi,24556522.0
3376.0,5,5,2,4,16,0,tier3,apartment,unfurnished,10430424.0
1935.0,5,5,18,8,15,3,metro,apartment,fully,17632752.0
2157.0,4,5,35,13,27,3,metro,villa,semi,25000000.0
666.0,2,2,9,8,13,2,tier2,independent_house,unfurnished,3995779.0
625.0,3,2,12,13,20,3,metro,villa,fully,10939634.0
2603.0,4,4,19,2,14,2,metro,apartment,semi,20528114.0
493.0,3,2,3,2,9,2,tier2,villa,unfurnished,3095852.0
3017.0,3,3,2,18,23,3,tier3,apartment,unfurnished,9362009.0
1967.0,3,2,10,9,17,0,metro,apartment,fully,19568260.0
972.0,3,4,36,12,21,0,tier1,studio,fully,3830306.0
2596.0,1,1,9,15,29,0,tier2,independent_house,unfurnished,13750766.0
2666.0,5,4,29,3,12,2,tier3,studio,unfurnished,4474411.0
3459.0,1,2,17,20,23,0,tier1,studio,unfurnished,12388245.0
1210.0,5,5,31,8,9,1,metro,villa,semi,12353172.0
2644.0,1,1,13,18,30,1,metro,studio,unfurnished,14509227.0
3863.0,3,3,35,8,14,2,metro,apartment,semi,22738409.0
1506.0,3,2,15,8,11,2,metro,apartment,unfurnished,13426080.0
3824.0,3,4,32,12,16,0,tier2,apartment,semi,14919006.0
3365.0,3,3,34,4,6,2,metro,apartment,semi,24493183.0
2161.0,5,5,17,12,15,1,tier1,apartment,semi,12200834.0
4021.0,1,2,27,20,30,0,tier2,apartment,unfurnished,13020771.0
4363.0,5,5,4,13,23,2,tier2,independent_house,semi,25000000.0
1371.0,4,4,20,1,10,1,metro,independent_house,semi,16058812.0
4417.0,4,3,15,14,15,1,tier2,villa,semi,25000000.0
409.0,1,1,39,0,10,3,tier2,apartment,unfurnished,1158967.0
929.0,1,1,38,2,16,0,tier2,independent_house,unfurnished,3256181.0
577.0,2,1,32,5,18,3,metro,apartment,semi,4184810.0
1907.0,2,3,38,6,12,1,metro,apartment,unfurnished,9630375.0
4241.0,4,5,40,0,9,3,tier3,apartment,semi,11721484.0
2861.0,5,5,31,0,5,3,tier1,apartment,unfurnished,15536784.0
2927.0,3,4,24,16,29,3,tier1,apartment,unfurnished,17194438.0
747.0,4,5,8,9,22,0,tier1,independent_house,semi,6342593.0
2516.0,1,1,33,4,8,3,tier2,independent_house,unfurnished,9577502.0
1968.0,4,4,7,9,16,1,tier3,independent_house,unfurnished,8580990.0
2365.0,1,2,7,14,18,3,tier1,apartment,fully,14751269.0
1470.0,4,4,36,15,24,3,tier3,independent_house,semi,5097931.0
1226.0,2,3,4,6,11,2,metro,independent_house,fully,16841346.0
4303.0,3,3,5,3,13,3,tier2,apartment,unfurnished,19558738.0
2689.0,2,1,20,20,30,2,tier2,villa,fully,17193219.0
2087.0,3,3,23,13,26,0,metro,villa,fully,25000000.0
702.0,5,5,1,20,23,3,metro,apartment,unfurnished,6490058.0
3526.0,5,5,15,6,8,2,tier1,apartment,semi,25000000.0
2337.0,2,1,9,2,14,0,tier3,villa,semi,10879072.0
1985.0,2,1,12,8,10,0,tier2,apartment,semi,8056088.0
3134.0,3,2,7,6,12,2,tier3,apartment,unfurnished,8617594.0
940.0,4,4,27,15,29,3,tier2,apartment,fully,4828127.0
2586.0,1,2,19,15,22,2,tier1,studio,semi,9769433.0
3938.0,4,4,39,1,2,1,tier2,apartment,fully,12579601.0
2302.0,5,5,0,12,26,1,metro,apartment,fully,25000000.0
401.0,5,5,31,7,17,1,metro,apartment,fully,3236989.0
1342.0,3,3,37,12,17,1,tier2,independent_house,semi,6664715.0
629.0,2,2,19,8,17,1,tier2,villa,semi,4157485.0
2450.0,2,1,28,11,20,0,metro,studio,fully,13688544.0
1893.0,4,5,18,15,23,2,tier1,apartment,semi,12463770.0
942.0,3,4,24,6,20,0,tier2,apartment,unfurnished,3413575.0
3216.0,1,2,37,4,16,0,tier3,villa,semi,12218422.0
1124.0,4,5,21,14,18,1,tier2,apartment,unfurnished,4395331.0
1800.0,1,1,23,19,30,3,tier1,independent_house,fully,13611777.0
4449.0,5,4,40,9,23,2,tier1,independent_house,semi,25000000.0
671.0,3,4,20,20,21,1,tier1,villa,semi,4946506.0
1415.0,2,2,7,3,8,2,tier2,studio,unfurnished,4410375.0
1703.0,1,2,27,17,26,2,tier3,villa,semi,7109173.0
2485.0,1,2,28,20,30,1,tier1,apartment,unfurnished,12058275.0
1404.0,5,4,9,6,17,3,metro,villa,semi,23250885.0
4377.0,3,3,29,3,12,2,metro,apartment,semi,25000000.0
422.0,5,5,2,13,18,0,tier2,independent_house,semi,3048394.0
4287.0,5,5,13,18,20,3,tier2,apartment,unfurnished,21580111.0
2592.0,1,1,35,1,14,0,metro,apartment,semi,16742526.0
556.0,2,1,25,13,21,0,metro,villa,semi,6239218.0
878.0,5,5,24,18,25,1,tier2,apartment,fully,3168314.0
822.0,3,2,25,0,14,1,metro,apartment,fully,7111443.0
1578.0,3,2,6,10,13,3,tier2,independent_house,fully,11430177.0
1765.0,3,2,39,1,5,2,tier1,apartment,unfurnished,8126839.0
3028.0,4,5,12,3,15,0,metro,villa,unfurnished,25000000.0
1675.0,5,4,32,10,14,1,tier3,apartment,fully,4904627.0
3372.0,5,5,40,6,20,3,metro,apartment,fully,25000000.0
1604.0,4,3,9,1,14,2,tier1,apartment,unfurnished,10165094.0
1480.0,3,3,26,16,18,2,metro,independent_house,semi,15575452.0
1528.0,2,1,1,4,11,2,metro,studio,semi,11228621.0
1749.0,1,1,26,18,29,2,metro,apartment,unfurnished,10693364.0
3834.0,4,4,18,3,10,0,metro,studio,fully,25000000.0
1412.0,1,2,2,10,14,2,metro,villa,fully,20479121.0
1520.0,4,3,27,15,16,2,metro,villa,fully,19649770.0
4323.0,3,3,39,10,11,0,tier2,independent_house,unfurnished,18566652.0
3080.0,4,5,3,8,11,2,tier2,independent_house,semi,19124471.0
1181.0,5,5,36,15,19,0,tier1,independent_house,fully,9341000.0
3959.0,3,4,34,0,5,0,tier1,villa,semi,25000000.0
1151.0,3,2,22,17,29,3,tier1,villa,semi,9673248.0
1064.0,3,4,36,14,22,1,tier3,apartment,semi,2690883.0
2224.0,2,1,12,16,18,1,tier3,apartment,unfurnished,5891320.0
3234.0,1,1,29,8,10,2,metro,independent_house,semi,25000000.0
1176.0,1,1,28,8,10,2,metro,apartment,fully,9640171.0
3488.0,4,3,23,12,17,2,metro,apartment,unfurnished,25000000.0
1042.0,5,5,34,13,24,3,metro,apartment,unfurnished,7774234.0
3605.0,1,2,35,19,20,2,tier2,apartment,semi,12503359.0
793.0,2,1,32,18,24,0,tier1,villa,semi,6314151.0
2304.0,4,3,24,1,8,0,metro,villa,unfurnished,25000000.0
3024.0,4,5,40,3,6,1,tier1,apartment,unfurnished,11949636.0
1488.0,4,4,22,19,20,1,tier1,apartment,semi,8962839.0
2909.0,4,3,26,8,12,1,metro,apartment,unfurnished,23568519.0
3223.0,1,2,7,12,15,0,tier2,apartment,semi,13790809.0
3065.0,2,3,13,1,13,0,metro,independent_house,semi,25000000.0
2027.0,3,3,37,2,15,0,tier3,villa,semi,7722157.0
3570.0,1,1,20,8,17,3,metro,villa,semi,25000000.0
3399.0,2,1,20,15,26,1,tier2,villa,semi,17619084.0
1738.0,2,2,33,16,27,3,tier3,studio,semi,3390493.0
3407.0,5,4,13,18,30,1,tier3,independent_house,semi,13070809.0
4165.0,2,2,10,4,6,1,tier2,villa,semi,25000000.0
3748.0,5,4,0,4,18,1,tier2,villa,semi,25000000.0
3406.0,4,3,9,11,18,3,tier2,apartment,semi,16338240.0
3542.0,4,3,20,11,19,2,tier2,studio,semi,11845195.0
3699.0,5,5,29,0,12,0,metro,apartment,semi,25000000.0
1585.0,5,5,13,9,16,1,tier1,apartment,unfurnished,10557778.0
3355.0,2,2,18,18,22,3,tier1,studio,semi,15541482.0
1217.0,3,4,9,3,4,0,tier3,independent_house,unfurnished,5403757.0
1869.0,3,3,33,17,20,3,tier1,apartment,fully,10856464.0
4231.0,5,4,21,9,11,3,tier1,apartment,semi,25000000.0
1560.0,1,2,5,11,17,0,tier2,apartment,unfurnished,5555347.0
3858.0,3,4,24,13,24,2,tier1,villa,semi,25000000.0
2132.0,2,2,13,14,19,2,metro,apartment,unfurnished,16475197.0
1260.0,2,1,35,13,22,3,tier1,studio,fully,5145619.0
797.0,4,5,10,2,5,3,tier1,studio,fully,4570611.0
2647.0,2,3,35,6,15,0,metro,villa,fully,25000000.0
2250.0,4,4,28,17,30,1,tier1,villa,semi,21137038.0
2496.0,5,4,5,0,5,3,tier1,apartment,fully,18372173.0
576.0,4,3,31,15,22,1,tier1,apartment,semi,3264396.0
1499.0,1,1,29,10,24,0,tier1,independent_house,fully,11126175.0
416.0,1,1,18,2,11,2,tier2,apartment,unfurnished,1465665.0
1640.0,3,2,6,2,8,0,tier1,apartment,fully,10335739.0
4219.0,3,3,19,20,22,0,tier3,apartment,semi,12497347.0
1024.0,4,3,24,0,14,3,tier3,apartment,unfurnished,2820410.0
3226.0,3,2,5,0,9,0,tier1,apartment,fully,22044104.0
423.0,1,2,13,0,1,3,tier1,independent_house,semi,3822046.0
2703.0,5,5,28,13,21,0,tier1,independent_house,fully,21907693.0
4175.0,5,4,22,19,30,0,tier2,villa,unfurnished,24202753.0
1798.0,4,5,40,3,17,2,tier2,independent_house,semi,7773838.0
1208.0,4,5,8,16,19,0,tier2,apartment,semi,5414457.0
2739.0,5,5,31,15,21,1,tier1,independent_house,unfurnished,20322266.0
1543.0,3,3,17,4,18,1,tier2,villa,fully,12123539.0
4055.0,1,1,9,1,12,2,tier1,apartment,semi,24998311.0
3880.0,4,3,38,10,18,1,tier2,studio,unfurnished,10235660.0
3074.0,3,3,25,1,6,0,metro,apartment,semi,22544913.0
3020.0,4,5,21,2,13,0,tier2,apartment,unfurnished,10535099.0
2870.0,4,4,12,9,18,0,tier3,apartment,fully,7966545.0
3414.0,3,3,36,17,25,0,metro,apartment,fully,23164700.0
2286.0,2,1,1,20,30,2,tier2,apartment,semi,9713034.0
4375.0,3,4,4,13,19,1,metro,villa,semi,25000000.0
1817.0,4,3,7,5,14,0,tier2,independent_house,semi,11578040.0
436.0,4,5,26,6,7,1,metro,apartment,unfurnished,3157142.0
3264.0,3,2,4,12,22,2,tier3,villa,fully,20184530.0
3115.0,3,2,32,3,11,1,metro,apartment,unfurnished,18468358.0
4422.0,5,4,8,10,23,1,tier3,independent_house,semi,18961825.0
2020.0,2,2,27,16,21,2,tier2,apartment,unfurnished,8108439.0
2141.0,1,2,32,17,30,2,tier2,apartment,semi,7227881.0
2704.0,4,4,36,1,10,2,tier2,villa,fully,20081629.0
2008.0,5,4,12,6,9,1,tier2,independent_house,unfurnished,12412169.0
3617.0,4,3,3,5,8,1,tier3,independent_house,unfurnished,16165292.0
2155.0,3,2,31,11,14,3,tier1,villa,unfurnished,19511393.0
3612.0,2,2,18,3,8,3,tier2,independent_house,unfurnished,18947555.0
2144.0,3,4,38,19,27,0,metro,apartment,semi,13375050.0
1322.0,1,2,7,19,30,3,tier2,apartment,fully,6214750.0
4461.0,3,4,23,6,20,3,metro,apartment,semi,25000000.0
2558.0,2,1,4,8,18,3,tier2,apartment,unfurnished,11179446.0
3297.0,2,2,19,9,16,1,tier2,apartment,semi,12946083.0
2824.0,3,2,0,0,9,2,tier1,villa,fully,25000000.0
1872.0,5,5,30,18,23,0,tier1,apartment,unfurnished,9959368.0
4385.0,2,2,24,16,20,0,tier2,villa,unfurnished,25000000.0
1923.0,5,5,3,6,14,2,tier2,villa,fully,14010566.0
4471.0,3,3,20,11,23,0,tier1,independent_house,unfurnished,25000000.0
2166.0,5,4,17,7,8,0,tier2,independent_house,fully,13060271.0
492.0,2,2,27,4,6,1,tier3,apartment,fully,1419796.0
550.0,5,5,20,6,9,1,metro,apartment,fully,5019453.0
4391.0,4,4,18,2,5,0,metro,villa,unfurnished,25000000.0
2564.0,4,3,34,17,20,3,metro,villa,unfurnished,25000000.0
1989.0,3,3,21,13,15,2,tier2,apartment,fully,7876487.0
3726.0,3,3,33,19,20,3,tier1,apartment,semi,17891388.0
2930.0,3,4,36,0,5,3,tier2,independent_house,unfurnished,15074419.0
3108.0,5,5,34,13,24,2,tier2,villa,semi,18635625.0
3210.0,4,3,39,11,14,1,tier1,apartment,unfurnished,14898967.0
1213.0,1,2,28,13,18,3,tier3,apartment,semi,2940120.0
761.0,4,3,23,20,30,2,tier2,independent_house,fully,4478528.0
3384.0,5,5,21,8,11,1,tier1,apartment,semi,19523273.0
489.0,4,4,8,2,16,1,tier1,independent_house,semi,4330134.0
3349.0,3,4,33,0,8,0,tier1,apartment,fully,17801761.0
932.0,2,3,28,10,21,3,metro,villa,semi,12632236.0
1476.0,4,4,35,3,8,3,metro,apartment,unfurnished,11146917.0
3301.0,4,4,28,2,7,2,tier3,apartment,semi,7890973.0
2953.0,2,3,19,3,9,0,tier1,studio,unfurnished,12189666.0
3604.0,3,3,12,5,7,3,tier1,villa,unfurnished,25000000.0
2904.0,2,2,40,2,7,0,tier2,studio,semi,6327615.0
596.0,1,1,30,10,23,0,tier2,apartment,unfurnished,1842749.0
3843.0,1,1,35,13,14,0,tier3,independent_house,unfurnished,10442687.0
1284.0,1,1,23,6,15,1,tier2,studio,semi,3518313.0
957.0,3,2,20,2,12,1,tier1,villa,unfurnished,8580885.0
4002.0,3,4,1,12,14,3,tier1,apartment,semi,25000000.0
1198.0,3,3,2,1,3,1,tier3,independent_house,unfurnished,5471229.0
2597.0,5,5,28,15,23,3,tier2,villa,semi,14851540.0
2392.0,2,1,9,8,12,1,tier3,studio,fully,5727384.0
3554.0,2,3,3,8,22,2,metro,apartment,unfurnished,25000000.0
580.0,2,2,31,5,8,2,tier3,apartment,fully,1551875.0
837.0,2,1,25,5,7,3,tier2,apartment,unfurnished,2866959.0
2103.0,3,2,4,3,8,3,metro,independent_house,unfurnished,25000000.0
2340.0,2,2,20,11,16,3,tier2,studio,unfurnished,6633316.0
3631.0,2,2,19,3,6,3,tier2,apartment,unfurnished,12649176.0
2883.0,4,3,0,14,24,0,metro,independent_house,unfurnished,25000000.0
1009.0,5,4,24,5,10,0,tier1,studio,fully,4746210.0
4413.0,2,1,16,11,19,1,tier2,apartment,fully,16556032.0
2285.0,1,1,36,11,15,0,tier1,apartment,fully,12397428.0
4354.0,2,3,4,13,15,1,tier1,independent_house,fully,25000000.0
4458.0,3,3,34,15,16,2,tier1,villa,semi,25000000.0
611.0,5,5,0,11,12,1,tier1,apartment,unfurnished,4785040.0
2474.0,1,1,31,17,30,0,tier3,independent_house,unfurnished,6525044.0
2130.0,1,1,32,5,9,3,tier2,villa,semi,11136349.0
2443.0,3,4,16,15,20,1,metro,studio,fully,12843288.0
1670.0,5,5,11,7,16,3,tier3,independent_house,unfurnished,6688136.0
2691.0,3,3,5,13,15,2,tier3,independent_house,unfurnished,12145767.0
2418.0,5,4,13,10,19,2,tier1,villa,semi,24764456.0
1162.0,4,4,27,19,27,3,tier2,apartment,fully,5021589.0
1582.0,1,1,29,5,17,1,metro,villa,semi,16572794.0
1003.0,3,2,7,10,12,0,tier3,apartment,semi,3032163.0
3858.0,4,5,0,3,4,3,tier2,independent_house,semi,25000000.0
3177.0,3,4,23,13,24,2,tier2,apartment,unfurnished,10405311.0
1988.0,1,2,23,0,6,1,metro,villa,semi,20253221.0
2022.0,1,1,40,8,9,2,tier3,apartment,fully,5013380.0
724.0,4,5,31,0,8,1,metro,apartment,fully,5987172.0
1588.0,3,3,22,6,13,3,metro,apartment,semi,13027508.0
4190.0,3,2,24,10,24,2,metro,villa,unfurnished,25000000.0
528.0,2,1,26,6,20,1,tier2,independent_house,unfurnished,2156875.0
999.0,2,1,18,8,16,2,metro,apartment,unfurnished,8111405.0
3868.0,4,5,27,3,6,3,tier3,independent_house,unfurnished,13232569.0
2533.0,1,1,8,15,26,1,tier2,independent_house,unfurnished,13860711.0
532.0,3,4,34,16,19,3,metro,apartment,semi,3185640.0
2408.0,2,3,35,9,21,0,metro,independent_house,fully,21948900.0
3474.0,4,4,17,1,10,0,metro,apartment,semi,25000000.0
1814.0,4,5,18,1,6,3,tier2,apartment,semi,8134022.0
1966.0,3,2,20,14,28,2,tier2,villa,fully,15305815.0
2988.0,2,2,33,19,27,0,metro,apartment,fully,23120818.0
2854.0,2,1,7,18,24,2,tier2,independent_house,unfurnished,14822832.0
4101.0,2,1,14,8,11,1,metro,studio,unfurnished,24973035.0
1415.0,2,1,25,10,20,1,tier2,independent_house,unfurnished,6033898.0
1531.0,4,5,28,3,7,1,tier3,villa,fully,6742537.0
1037.0,1,2,12,1,4,1,tier2,villa,unfurnished,6520003.0
3126.0,1,2,4,16,18,3,tier2,studio,unfurnished,9256389.0
2586.0,3,4,20,8,17,1,tier2,apartment,semi,11091577.0
1822.0,2,3,26,10,23,1,metro,apartment,semi,12827961.0
3252.0,5,5,31,7,11,3,metro,villa,semi,25000000.0
1944.0,4,3,0,6,10,2,metro,apartment,fully,22395595.0
1201.0,4,5,0,20,29,0,tier1,apartment,semi,7819087.0
2613.0,3,4,15,17,20,2,tier2,apartment,fully,11245437.0
2189.0,3,2,23,14,16,2,tier2,villa,unfurnished,14171555.0
2062.0,3,2,0,8,17,2,tier3,apartment,fully,7299052.0
2223.0,1,2,7,15,23,0,metro,apartment,semi,16061306.0
4148.0,3,4,17,7,8,1,tier2,apartment,unfurnished,17031561.0
1285.0,5,4,11,10,14,2,metro,apartment,fully,12789196.0
1530.0,2,1,29,3,6,2,tier1,independent_house,fully,10325278.0
2716.0,1,1,1,14,24,2,tier2,apartment,fully,10527922.0
591.0,3,2,36,1,11,3,tier3,independent_house,fully,2198112.0
998.0,2,3,6,15,26,2,tier2,independent_house,unfurnished,5271921.0
2721.0,4,4,18,12,14,1,metro,apartment,unfurnished,19324112.0
2489.0,5,4,40,1,13,2,tier2,independent_house,unfurnished,11779105.0
3076.0,5,5,27,10,13,1,metro,independent_house,fully,25000000.0
865.0,2,3,40,4,18,1,tier3,villa,fully,2899739.0
3900.0,5,5,0,9,22,2,tier2,apartment,fully,23601837.0
2390.0,1,2,29,0,7,1,metro,apartment,fully,19904365.0
1035.0,2,1,3,15,26,2,metro,studio,semi,8001325.0
1677.0,2,3,25,10,20,2,metro,independent_house,unfurnished,17511985.0
1332.0,5,5,13,7,18,3,tier3,studio,unfurnished,3085042.0
2254.0,4,5,31,18,19,0,tier1,studio,semi,8554821.0
2324.0,2,1,5,13,15,1,tier2,apartment,fully,10954993.0
2178.0,1,1,36,12,25,3,tier2,independent_house,unfurnished,9472674.0
2290.0,4,5,19,3,14,1,tier2,villa,fully,14804330.0
4122.0,4,3,21,10,19,2,metro,independent_house,semi,25000000.0
4332.0,5,5,23,14,19,2,tier3,apartment,unfurnished,10237462.0
2408.0,3,4,1,19,25,3,tier1,apartment,fully,19028240.0
4348.0,1,2,12,12,18,0,tier2,independent_house,semi,23132195.0
3755.0,2,2,29,3,10,1,tier2,independent_house,semi,17091914.0
3761.0,4,5,39,14,23,1,tier2,villa,unfurnished,20324011.0
1325.0,2,3,40,1,12,2,tier3,apartment,unfurnished,2429715.0
2197.0,1,2,21,6,12,3,metro,apartment,unfurnished,15096670.0
1843.0,5,4,10,19,30,0,tier1,studio,semi,9751637.0
795.0,3,2,19,16,18,0,tier1,apartment,fully,5195165.0
707.0,2,1,19,18,30,3,tier1,apartment,fully,4232438.0
2951.0,3,3,16,7,17,2,metro,villa,fully,25000000.0
2125.0,4,4,14,14,22,2,metro,apartment,unfurnished,16777201.0
3785.0,1,1,35,14,20,0,tier1,villa,fully,25000000.0
3141.0,3,4,16,5,11,2,tier1,apartment,unfurnished,18317661.0
749.0,2,1,1,19,25,1,tier1,independent_house,unfurnished,6492716.0
3836.0,1,2,29,20,30,2,tier2,studio,semi,10400431.0
2433.0,1,1,27,2,3,0,tier2,studio,fully,6741104.0
2720.0,3,4,15,16,25,1,tier1,villa,fully,25000000.0
4359.0,3,2,25,9,23,2,tier1,apartment,fully,25000000.0
3024.0,3,2,38,14,22,2,metro,independent_house,unfurnished,25000000.0
491.0,4,5,37,11,20,3,tier2,independent_house,unfurnished,2400292.0
1126.0,3,3,32,4,13,3,tier1,villa,unfurnished,8588585.0
2148.0,3,3,23,2,10,0,metro,independent_house,semi,23687628.0
552.0,5,4,1,10,19,0,tier1,independent_house,semi,4773331.0
1086.0,4,5,21,17,30,1,tier1,independent_house,unfurnished,7836872.0
3645.0,5,4,33,17,27,3,metro,independent_house,semi,25000000.0
985.0,2,3,34,5,17,1,tier2,apartment,semi,2986122.0
1084.0,4,4,31,18,26,3,tier2,villa,semi,6707299.0
2469.0,4,3,40,7,18,0,tier2,villa,semi,13205394.0
773.0,3,3,21,11,24,3,tier2,apartment,unfurnished,2585031.0
1448.0,1,1,4,6,9,0,tier2,independent_house,semi,7935837.0
4244.0,3,3,20,10,23,3,tier1,villa,semi,25000000.0
2989.0,5,5,13,11,21,3,tier2,apartment,unfurnished,15712091.0
4350.0,4,4,34,14,21,1,tier1,independent_house,unfurnished,25000000.0
1852.0,1,1,31,9,20,1,tier1,independent_house,fully,13028779.0
2926.0,2,2,17,11,14,2,tier2,independent_house,fully,17645354.0
1378.0,3,2,15,13,23,2,tier1,apartment,unfurnished,8405426.0
1952.0,5,5,6,8,17,0,tier1,independent_house,semi,19523999.0
1116.0,3,2,1,11,24,0,tier2,apartment,semi,4517268.0
3816.0,5,4,12,1,10,3,tier3,villa,unfurnished,20501918.0
1154.0,4,3,9,18,26,3,tier3,apartment,unfurnished,3827364.0
1239.0,2,2,10,2,10,0,tier1,villa,fully,12548224.0
2301.0,1,1,40,18,26,3,tier1,independent_house,semi,14265629.0
2160.0,5,5,27,15,28,3,tier2,villa,unfurnished,10272586.0
1686.0,3,4,22,19,30,3,tier1,villa,fully,15650000.0
1863.0,5,5,7,0,2,0,tier2,independent_house,semi,12113733.0
1609.0,5,4,34,4,12,2,tier1,independent_house,semi,13260350.0
4142.0,3,4,26,1,6,0,metro,apartment,unfurnished,25000000.0
2779.0,1,1,21,8,11,0,metro,studio,unfurnished,13822603.0
4171.0,5,4,19,18,30,0,tier2,independent_house,unfurnished,25000000.0
4445.0,3,3,22,16,29,1,metro,studio,fully,25000000.0
3068.0,1,1,34,14,28,2,tier1,studio,semi,10757235.0
3785.0,3,2,29,17,23,0,tier1,studio,fully,18368577.0
854.0,1,2,19,0,6,0,metro,independent_house,unfurnished,7012671.0
4292.0,2,1,27,16,27,1,tier1,villa,fully,25000000.0
2376.0,2,2,38,6,9,0,tier2,apartment,semi,7186416.0
3325.0,3,3,13,14,15,3,metro,villa,semi,25000000.0
1405.0,3,3,36,16,22,0,tier2,independent_house,unfurnished,5661510.0
791.0,5,5,24,14,23,1,tier3,villa,semi,3732760.0
4028.0,2,3,7,8,15,1,tier1,independent_house,unfurnished,25000000.0
2242.0,4,4,39,12,15,0,metro,apartment,unfurnished,13788456.0
967.0,5,4,28,9,17,3,tier2,apartment,fully,4372445.0
3099.0,4,5,15,13,27,0,metro,villa,unfurnished,25000000.0
622.0,2,3,8,9,13,1,tier1,apartment,unfurnished,3169566.0
2246.0,4,3,37,8,14,2,tier3,apartment,fully,5569896.0
3288.0,2,3,33,4,9,1,tier3,apartment,unfurnished,6452838.0
3353.0,3,3,1,8,13,1,tier2,independent_house,semi,21170019.0
2258.0,4,3,26,15,25,0,tier1,villa,fully,23645663.0
1916.0,2,1,4,18,24,1,tier2,apartment,semi,8539908.0
3837.0,1,2,12,2,11,0,tier2,apartment,unfurnished,12437500.0
1157.0,5,4,23,3,4,1,tier1,villa,semi,10517450.0
705.0,4,4,10,10,20,1,tier2,apartment,semi,3668509.0
1043.0,1,2,21,14,16,1,metro,independent_house,unfurnished,10863225.0
3684.0,2,3,17,3,9,0,metro,independent_house,fully,25000000.0
2326.0,2,2,23,6,19,3,tier1,apartment,fully,12521302.0
553.0,5,5,32,0,5,0,metro,villa,unfurnished,6118597.0
1091.0,5,4,6,1,11,0,metro,apartment,unfurnished,9905933.0
515.0,4,5,32,3,8,0,tier2,apartment,semi,1854558.0
3739.0,3,2,9,15,28,3,tier3,independent_house,semi,15150823.0
2291.0,1,1,1,18,30,1,tier2,villa,fully,16769946.0
679.0,2,3,18,10,23,1,tier2,independent_house,unfurnished,3193121.0
1307.0,1,2,12,3,9,3,tier3,apartment,unfurnished,3127367.0
2927.0,4,5,7,19,24,0,metro,apartment,semi,25000000.0
2834.0,1,2,17,5,14,0,tier1,villa,fully,25000000.0
3759.0,4,3,35,3,15,0,tier1,villa,unfurnished,25000000.0
505.0,5,5,24,2,10,2,metro,studio,fully,3549259.0
684.0,2,3,29,7,18,3,tier2,apartment,unfurnished,2458625.0
545.0,4,4,6,15,28,2,tier1,independent_house,unfurnished,5695504.0
2015.0,5,4,3,8,19,3,tier1,independent_house,semi,22345382.0
3381.0,3,2,13,9,15,3,metro,villa,unfurnished,25000000.0
3118.0,3,4,31,7,11,1,metro,apartment,semi,22595009.0
1261.0,2,3,36,19,26,0,tier3,villa,unfurnished,3849263.0
3094.0,3,2,4,14,23,0,metro,apartment,semi,25000000.0
3091.0,5,4,19,13,25,3,metro,independent_house,unfurnished,25000000.0
1184.0,4,4,16,9,14,2,tier1,villa,fully,12145645.0
3474.0,2,1,30,11,14,3,tier1,studio,fully,15471591.0
2131.0,3,4,8,18,23,2,tier2,villa,semi,16833701.0
643.0,4,5,19,13,22,3,tier1,villa,semi,5522367.0
2001.0,1,1,34,17,21,3,metro,independent_house,fully,18310530.0
3555.0,4,5,19,0,6,3,metro,villa,unfurnished,25000000.0
3254.0,2,1,32,18,22,3,tier2,studio,fully,8018337.0
1500.0,2,3,25,19,30,0,tier2,apartment,semi,4634117.0
3503.0,3,3,24,14,22,2,tier2,studio,fully,10932677.0
1997.0,3,3,10,20,30,3,tier2,independent_house,unfurnished,12133523.0
2286.0,5,4,40,11,19,1,tier2,independent_house,unfurnished,10430932.0
755.0,2,1,10,5,6,3,metro,villa,unfurnished,11365633.0
4487.0,2,1,38,12,16,1,tier1,independent_house,unfurnished,25000000.0
3838.0,2,2,40,13,25,0,tier1,apartment,unfurnished,15229521.0
1199.0,5,4,20,3,11,2,tier1,independent_house,fully,9918193.0
2698.0,5,4,35,4,14,0,tier2,apartment,unfurnished,8711128.0
3599.0,3,3,29,6,17,1,tier1,apartment,unfurnished,18763018.0
2469.0,4,5,30,11,19,3,tier2,apartment,unfurnished,9698537.0
1264.0,5,4,2,3,12,0,tier3,apartment,semi,4231026.0
4371.0,5,5,5,16,20,0,tier1,apartment,semi,25000000.0
1502.0,4,5,2,2,6,3,tier3,independent_house,unfurnished,7146760.0
1771.0,3,3,1,19,22,3,tier2,apartment,fully,9566915.0
1923.0,5,4,34,14,19,1,tier3,independent_house,fully,7660268.0
4052.0,2,1,7,7,16,1,tier1,apartment,unfurnished,22319547.0
2450.0,2,3,0,7,20,3,tier1,independent_house,fully,24790591.0
3350.0,4,4,38,14,21,2,tier1,independent_house,unfurnished,20725682.0
4094.0,1,1,11,1,10,3,metro,apartment,semi,25000000.0
4206.0,3,4,33,15,28,0,tier1,independent_house,fully,25000000.0
3911.0,5,5,39,11,21,2,tier3,studio,fully,7392605.0
4121.0,1,2,21,4,8,2,tier2,independent_house,unfurnished,16746949.0
4287.0,5,4,37,18,22,0,metro,apartment,semi,25000000.0
4463.0,3,2,39,13,22,2,tier1,villa,unfurnished,25000000.0
3036.0,5,4,5,3,8,0,metro,independent_house,semi,25000000.0
939.0,4,3,6,13,17,3,metro,apartment,semi,10025049.0
864.0,1,1,15,8,17,2,tier3,independent_house,unfurnished,3103819.0
3663.0,4,4,22,16,25,0,tier1,apartment,fully,23679178.0
1696.0,1,2,32,10,14,2,tier1,independent_house,semi,11850225.0
3698.0,2,1,7,20,21,0,tier2,apartment,unfurnished,15325838.0
4232.0,5,5,7,19,30,3,metro,apartment,fully,25000000.0
3041.0,5,5,12,0,6,0,tier1,studio,semi,14355953.0
3533.0,1,1,11,8,17,2,tier2,independent_house,unfurnished,18592470.0
1543.0,2,2,38,4,7,0,tier2,independent_house,semi,6344908.0
2181.0,1,1,16,9,14,0,tier3,studio,fully,3835501.0
4357.0,2,1,35,3,12,3,tier2,apartment,fully,14756418.0
3749.0,5,4,2,11,13,1,tier1,apartment,unfurnished,25000000.0
1238.0,1,2,4,3,8,0,tier2,apartment,semi,5565792.0
4238.0,4,5,32,13,24,2,tier3,villa,fully,18350197.0
2448.0,5,5,10,9,20,0,tier2,apartment,fully,14633629.0
3859.0,5,4,3,20,25,2,tier3,studio,unfurnished,8556204.0
2538.0,2,1,24,18,20,3,tier2,apartment,semi,10410200.0
2875.0,4,5,6,12,13,2,tier3,apartment,fully,10975627.0
1063.0,3,3,2,9,17,0,metro,apartment,unfurnished,9803921.0
1788.0,1,1,16,15,25,0,tier2,apartment,semi,7105851.0
3362.0,2,1,22,14,23,0,tier1,apartment,semi,19536340.0
3853.0,4,5,21,2,8,2,tier2,independent_house,semi,22256457.0
764.0,4,4,23,7,8,2,tier2,apartment,semi,3616635.0
715.0,3,3,0,20,24,2,tier3,villa,unfurnished,3849368.0
3241.0,4,5,11,6,7,1,tier3,independent_house,fully,13132103.0
2233.0,4,4,14,0,7,0,tier1,villa,unfurnished,20611207.0
3879.0,2,3,12,17,22,3,tier2,independent_house,fully,21650771.0
679.0,2,2,22,19,20,2,tier2,apartment,semi,2991822.0
1832.0,5,5,9,13,22,2,tier1,apartment,unfurnished,12259561.0
545.0,5,5,25,13,19,0,metro,apartment,fully,5140304.0
3308.0,1,1,38,7,21,1,metro,studio,fully,16259612.0
3917.0,4,5,27,7,13,1,tier2,villa,unfurnished,19273507.0
1042.0,1,1,15,19,21,2,tier1,apartment,unfurnished,6817462.0
1728.0,5,5,17,18,28,3,tier3,villa,semi,8764768.0
3868.0,3,3,23,10,20,3,tier1,independent_house,fully,25000000.0
569.0,4,3,29,6,20,2,tier3,independent_house,unfurnished,2035446.0
4303.0,4,3,12,3,13,1,tier1,villa,fully,25000000.0
4036.0,4,5,1,0,6,1,tier2,independent_house,unfurnished,24015554.0
1026.0,2,2,28,10,20,2,metro,independent_house,semi,10166147.0
969.0,5,5,27,11,23,1,tier2,villa,unfurnished,5902868.0
3236.0,3,2,4,14,22,1,tier2,apartment,unfurnished,12694272.0
441.0,3,2,25,16,28,3,tier3,apartment,fully,1202782.0
2473.0,2,3,2,7,21,2,tier2,studio,unfurnished,9204047.0
670.0,1,1,26,3,14,1,metro,villa,fully,7979810.0
2579.0,3,4,30,17,25,2,tier1,apartment,unfurnished,12090970.0
1835.0,2,3,0,16,23,1,metro,villa,unfurnished,24274061.0
3296.0,4,4,29,11,23,0,metro,apartment,fully,25000000.0
4010.0,2,3,4,0,13,3,tier2,independent_house,semi,21202857.0
2403.0,5,5,10,9,13,1,tier2,apartment,unfurnished,10750052.0
3031.0,4,3,28,13,14,1,tier2,independent_house,semi,18909426.0
2861.0,3,2,14,18,30,0,tier3,villa,unfurnished,13603696.0
4438.0,4,3,40,10,14,3,tier2,apartment,fully,17694671.0
1346.0,4,5,39,9,23,2,tier2,apartment,unfurnished,4852612.0
1379.0,4,3,40,7,8,1,metro,independent_house,semi,13913351.0
1951.0,3,2,4,8,21,2,metro,apartment,unfurnished,17115271.0
3420.0,5,5,7,0,10,1,tier2,apartment,semi,17495636.0
3947.0,2,1,7,2,7,1,tier3,independent_house,fully,18906519.0
1540.0,3,2,23,15,16,1,metro,apartment,fully,11555716.0
850.0,2,3,17,7,19,0,tier1,apartment,unfurnished,4620998.0
2895.0,3,4,30,17,19,3,tier2,apartment,unfurnished,10655637.0
2850.0,5,5,11,8,10,3,metro,independent_house,unfurnished,25000000.0
1936.0,4,5,8,20,30,3,tier1,apartment,fully,14691443.0
1155.0,2,2,26,3,13,1,tier3,apartment,unfurnished,2664061.0
3884.0,5,5,25,3,5,3,tier2,apartment,semi,17350847.0
3870.0,4,4,28,12,17,1,metro,apartment,unfurnished,25000000.0
3464.0,3,4,12,16,26,3,tier3,apartment,fully,11731065.0
2774.0,1,1,21,3,13,0,tier1,apartment,semi,14231649.0
1471.0,3,3,38,10,16,1,tier3,apartment,semi,3058392.0
2052.0,5,4,25,4,10,2,tier1,apartment,fully,12868044.0
680.0,3,4,38,15,17,3,tier2,independent_house,fully,3530747.0
1424.0,1,1,17,11,12,1,tier1,apartment,semi,7479273.0
2246.0,1,1,1,13,27,1,tier1,apartment,fully,16442270.0
2191.0,5,5,31,5,9,3,tier3,studio,semi,4641347.0
729.0,3,3,18,6,19,1,metro,independent_house,semi,8833904.0
4326.0,4,3,1,13,14,2,metro,independent_house,unfurnished,25000000.0
1499.0,2,3,5,7,21,1,tier1,apartment,semi,8988175.0
2487.0,1,1,12,14,20,0,tier2,apartment,semi,10621163.0
2307.0,3,2,7,3,15,1,tier2,apartment,unfurnished,9787202.0
2324.0,4,4,28,6,18,2,tier3,apartment,unfurnished,5607492.0
3864.0,2,2,25,2,7,0,tier1,apartment,semi,21202510.0
3459.0,4,4,13,1,12,0,tier1,villa,unfurnished,25000000.0
3957.0,3,2,3,5,10,3,metro,apartment,semi,25000000.0
1954.0,2,3,3,10,22,0,tier2,villa,semi,15242585.0
1487.0,2,2,38,3,17,0,tier3,apartment,unfurnished,2778730.0
2152.0,2,2,14,1,13,2,tier2,apartment,unfurnished,9581990.0
2702.0,2,3,4,18,29,2,tier2,independent_house,unfurnished,13922628.0
1781.0,4,4,29,10,16,0,tier1,independent_house,unfurnished,12232060.0
2286.0,2,1,35,15,17,0,tier3,apartment,semi,4861379.0
1018.0,4,4,5,15,23,3,tier1,villa,semi,10012498.0
2793.0,2,2,38,2,4,2,metro,apartment,fully,20773819.0
3326.0,2,1,29,13,21,2,tier1,apartment,unfurnished,13779070.0
2561.0,5,4,10,18,30,0,metro,independent_house,semi,25000000.0
3979.0,5,4,31,9,11,0,metro,apartment,unfurnished,25000000.0
4482.0,3,4,17,18,30,0,metro,apartment,fully,25000000.0
4112.0,2,1,26,19,28,3,tier1,villa,unfurnished,25000000.0
781.0,4,4,5,11,12,3,tier2,apartment,semi,4200256.0
4011.0,1,2,10,2,13,2,tier1,apartment,semi,23979461.0
1768.0,3,3,31,12,13,2,tier1,apartment,unfurnished,8505709.0
2252.0,3,2,33,18,27,0,tier3,studio,fully,4535293.0
2089.0,4,5,0,12,20,3,tier2,villa,unfurnished,14772673.0
1564.0,1,1,8,16,27,2,tier1,apartment,unfurnished,8657156.0
3996.0,1,1,24,11,17,2,tier1,apartment,semi,22892783.0
3015.0,2,2,37,8,10,3,tier3,villa,semi,10004457.0
4364.0,1,1,27,19,25,0,metro,apartment,unfurnished,25000000.0
4314.0,3,3,28,3,14,1,tier1,villa,unfurnished,25000000.0
2121.0,5,4,15,9,23,0,tier3,independent_house,unfurnished,8315866.0
3380.0,2,3,2,3,6,1,tier1,apartment,fully,25000000.0
2459.0,3,4,31,13,18,1,tier2,apartment,semi,8774529.0
2428.0,2,3,32,19,30,1,tier2,apartment,unfurnished,7450831.0
3432.0,1,2,18,20,25,2,tier2,apartment,unfurnished,12443911.0
3224.0,4,3,20,4,8,1,tier1,apartment,fully,21904898.0
4138.0,2,1,9,15,27,0,metro,independent_house,fully,25000000.0
3567.0,3,4,18,18,25,0,tier1,apartment,unfurnished,17211982.0
2950.0,4,4,9,17,26,2,metro,villa,semi,25000000.0
4169.0,5,5,17,10,17,2,tier3,independent_house,unfurnished,14964234.0
819.0,1,2,5,3,12,3,tier1,apartment,unfurnished,5104332.0
3529.0,3,3,24,9,13,3,tier2,apartment,fully,15184994.0
2008.0,5,5,10,16,27,0,tier2,apartment,fully,9705163.0
2176.0,3,4,29,13,19,2,tier2,independent_house,unfurnished,11508613.0
3604.0,1,1,21,8,16,0,tier1,apartment,fully,19836402.0
1521.0,2,3,36,4,7,0,tier1,independent_house,semi,9225831.0
4022.0,4,3,9,13,14,3,tier3,independent_house,fully,18426099.0
2449.0,4,3,11,8,16,1,tier2,independent_house,fully,15330223.0
1830.0,2,3,9,9,11,3,tier2,studio,semi,5908779.0
1745.0,1,2,25,19,30,0,tier3,independent_house,fully,5562145.0
2125.0,2,1,4,0,14,2,tier2,independent_house,unfurnished,13615737.0
4265.0,2,2,28,5,10,1,metro,independent_house,semi,25000000.0
820.0,4,4,33,19,24,3,tier2,independent_house,unfurnished,3862245.0
2482.0,5,5,27,19,27,2,metro,independent_house,fully,25000000.0
3823.0,1,2,5,6,9,3,tier2,studio,unfurnished,10503040.0
2335.0,4,3,20,20,30,1,tier3,villa,semi,11554470.0
2720.0,4,5,21,4,6,3,tier1,villa,fully,25000000.0
1827.0,4,3,16,1,8,3,tier1,villa,unfurnished,21160784.0
958.0,5,4,19,6,9,3,metro,independent_house,unfurnished,11956940.0
3021.0,1,1,31,11,23,1,tier3,apartment,unfurnished,6473979.0
4171.0,4,3,34,0,3,3,metro,independent_house,semi,25000000.0
2532.0,1,1,12,3,10,2,metro,independent_house,unfurnished,24952903.0
2171.0,5,5,13,16,28,0,metro,studio,semi,14118739.0
929.0,3,3,8,13,20,3,metro,apartment,semi,8795164.0
4273.0,1,1,16,12,15,0,tier1,independent_house,fully,25000000.0
3963.0,4,5,22,20,23,2,tier1,independent_house,fully,25000000.0
4098.0,4,3,29,4,13,0,tier1,studio,unfurnished,14075487.0
1871.0,3,2,10,18,20,3,metro,studio,fully,14240610.0
2963.0,2,2,8,7,12,2,metro,villa,fully,25000000.0
2173.0,1,2,1,19,28,3,tier1,villa,semi,22193530.0
1362.0,5,5,3,16,22,2,metro,apartment,semi,14837110.0
1243.0,1,2,2,4,16,2,tier2,studio,unfurnished,4325885.0
1973.0,5,5,8,4,14,3,metro,apartment,semi,22048629.0
2668.0,3,4,28,11,13,1,tier1,independent_house,semi,19941486.0
900.0,4,3,31,10,22,2,tier1,independent_house,unfurnished,6211431.0
3278.0,4,5,39,4,17,1,tier1,apartment,unfurnished,17090387.0
2276.0,5,4,22,5,8,0,metro,apartment,unfurnished,17375509.0
4012.0,1,2,18,18,24,3,metro,apartment,semi,25000000.0
1543.0,5,5,36,15,21,1,tier3,independent_house,unfurnished,5450113.0
611.0,1,1,6,4,10,0,metro,villa,semi,8599416.0
1679.0,5,4,25,15,22,3,tier1,apartment,fully,10354681.0
4390.0,2,3,33,3,16,3,tier1,independent_house,unfurnished,25000000.0
1720.0,5,4,20,9,19,2,tier1,apartment,unfurnished,9991297.0
3285.0,1,2,10,0,13,1,tier1,independent_house,unfurnished,25000000.0
3857.0,3,3,25,13,18,3,tier2,apartment,unfurnished,15040455.0
1565.0,3,3,40,3,11,2,tier2,apartment,fully,6591033.0
3034.0,5,5,9,4,6,1,tier1,apartment,semi,21659923.0
1238.0,1,1,23,3,7,1,tier1,villa,fully,10798511.0
1885.0,1,1,2,3,12,3,metro,villa,fully,25000000.0
1613.0,4,5,9,1,4,3,tier1,independent_house,unfurnished,15573398.0
3156.0,1,1,31,11,25,2,tier2,villa,semi,17422846.0
3990.0,4,3,20,18,22,0,metro,apartment,semi,25000000.0
1434.0,1,1,8,6,9,0,tier1,apartment,semi,8411000.0
1594.0,5,5,13,16,27,1,tier3,apartment,unfurnished,4176036.0
3765.0,3,2,4,11,13,2,metro,studio,unfurnished,24171392.0
2297.0,5,4,31,5,10,3,tier1,apartment,semi,13596221.0
2503.0,1,2,38,1,4,3,tier2,studio,semi,5720856.0
3293.0,2,2,4,16,26,1,metro,apartment,unfurnished,25000000.0
964.0,3,3,9,0,12,0,metro,apartment,unfurnished,7123771.0
3975.0,1,1,35,8,11,1,metro,apartment,semi,24066954.0
1897.0,1,2,36,0,6,0,tier3,apartment,semi,3514712.0
3100.0,2,2,31,16,23,3,metro,independent_house,semi,25000000.0
2171.0,4,4,29,20,30,0,metro,villa,unfurnished,22154778.0
3487.0,4,5,35,6,11,3,metro,apartment,unfurnished,25000000.0
2907.0,1,1,15,6,14,2,metro,independent_house,fully,25000000.0
1110.0,1,1,36,11,19,0,tier2,villa,semi,5999499.0
1170.0,4,5,36,10,11,2,metro,studio,unfurnished,6818113.0
3997.0,2,2,9,8,16,2,tier2,studio,semi,13979962.0
2530.0,4,5,2,7,15,0,tier2,independent_house,semi,16817793.0
1530.0,2,3,21,3,17,0,tier2,independent_house,semi,8186100.0
987.0,2,2,31,5,13,1,metro,independent_house,unfurnished,8915946.0
926.0,2,3,34,12,25,0,tier3,villa,semi,3246767.0
4171.0,2,1,5,15,20,2,tier2,independent_house,fully,25000000.0
4402.0,4,3,15,15,25,2,metro,apartment,unfurnished,25000000.0
2013.0,3,4,31,10,23,0,tier2,independent_house,unfurnished,9417075.0
1226.0,4,3,2,15,18,0,tier3,studio,unfurnished,2691020.0
2117.0,1,1,29,12,20,2,tier1,apartment,unfurnished,11139439.0
960.0,3,3,11,7,20,1,tier3,independent_house,fully,4325524.0
2653.0,3,3,0,7,15,1,tier1,studio,fully,13964752.0
2966.0,5,5,9,10,23,1,tier2,apartment,unfurnished,14425063.0
4439.0,3,2,30,6,12,0,tier3,villa,fully,14209515.0
1707.0,1,1,35,16,29,3,tier1,studio,unfurnished,6718047.0
1211.0,4,3,3,3,12,3,tier2,studio,semi,4167447.0
946.0,1,1,19,1,8,2,tier1,apartment,semi,5529843.0
1946.0,5,4,8,10,14,1,tier2,apartment,unfurnished,8976992.0
2864.0,2,3,28,1,4,0,tier2,independent_house,semi,14705967.0
673.0,4,3,32,4,9,1,metro,apartment,semi,4851276.0
3511.0,4,5,39,7,18,3,tier1,apartment,unfurnished,14090127.0
2286.0,3,3,14,0,7,0,tier1,apartment,fully,13901928.0
3652.0,3,3,12,4,10,3,metro,apartment,unfurnished,25000000.0
2300.0,1,2,12,11,18,1,metro,villa,unfurnished,22974636.0
1037.0,1,2,31,7,12,1,tier1,independent_house,fully,7248783.0
487.0,4,3,18,18,30,3,metro,villa,semi,6418991.0
2683.0,5,5,0,1,7,3,metro,independent_house,unfurnished,25000000.0
2611.0,5,5,38,15,22,3,tier2,apartment,unfurnished,8984230.0
3736.0,2,3,4,12,20,1,tier2,apartment,unfurnished,17944292.0
3996.0,2,1,38,13,23,2,tier2,apartment,unfurnished,12024396.0
1060.0,2,2,6,14,19,1,tier1,apartment,unfurnished,6466932.0
1690.0,4,4,22,1,3,0,tier3,apartment,semi,4407879.0
1251.0,4,4,12,16,26,1,tier2,apartment,semi,4895816.0
837.0,4,4,28,6,14,0,metro,apartment,fully,6571941.0
409.0,5,5,16,13,23,0,metro,apartment,fully,4024006.0
737.0,2,2,15,6,14,2,tier2,independent_house,unfurnished,4050725.0
2551.0,4,4,19,8,16,2,metro,villa,fully,25000000.0
1022.0,3,4,39,14,28,1,tier1,studio,fully,3442177.0
1198.0,5,5,10,19,20,2,tier3,independent_house,fully,5882972.0
883.0,2,1,9,18,20,3,metro,villa,semi,13284949.0
3369.0,1,1,2,15,29,3,metro,apartment,unfurnished,25000000.0
3006.0,2,3,30,11,24,2,tier3,villa,unfurnished,10520183.0
4345.0,4,4,27,11,17,0,tier2,apartment,fully,15159862.0
857.0,5,5,24,20,28,2,metro,apartment,semi,7648649.0
1255.0,5,4,0,4,11,0,tier3,apartment,fully,4448420.0
2268.0,1,1,32,20,30,0,tier3,apartment,semi,5414005.0
3061.0,3,4,33,13,20,1,tier1,apartment,unfurnished,14507292.0
933.0,1,2,38,12,23,1,tier2,independent_house,unfurnished,3607486.0
1268.0,2,2,38,12,18,0,tier1,independent_house,fully,8516024.0
2128.0,5,5,10,17,23,0,metro,independent_house,unfurnished,23288707.0
473.0,5,5,29,14,24,3,tier2,villa,semi,3002288.0
2020.0,1,2,16,1,7,2,tier1,villa,fully,19742542.0
3510.0,1,1,24,16,17,2,tier2,apartment,unfurnished,11166909.0
2559.0,4,3,13,15,18,0,tier2,independent_house,unfurnished,13590286.0
2179.0,3,2,26,19,30,3,metro,villa,semi,25000000.0
2400.0,3,3,39,19,25,1,tier2,apartment,fully,9150353.0
4281.0,5,5,26,19,21,2,metro,apartment,semi,25000000.0
2533.0,5,5,37,0,14,1,tier3,studio,unfurnished,4682807.0
2590.0,5,5,38,13,27,0,tier1,villa,unfurnished,18003369.0
4216.0,4,5,4,19,26,1,tier2,villa,unfurnished,25000000.0
1045.0,5,5,39,20,29,0,tier2,villa,unfurnished,5126209.0
793.0,4,5,33,11,22,3,tier1,apartment,unfurnished,4768703.0
2244.0,5,5,17,19,20,1,tier2,villa,fully,19719912.0
1706.0,3,3,24,18,23,3,tier2,apartment,unfurnished,5578210.0
1231.0,1,2,25,0,8,3,tier2,apartment,fully,5422424.0
889.0,5,5,32,18,26,0,tier2,independent_house,fully,4643033.0
3999.0,5,5,32,13,18,1,tier3,apartment,semi,9744771.0
2918.0,2,2,4,12,13,0,tier1,independent_house,semi,25000000.0
3232.0,3,4,0,3,17,0,tier1,apartment,unfurnished,18534078.0
884.0,3,2,10,19,28,3,metro,independent_house,semi,11610854.0
1799.0,4,3,21,6,17,2,tier2,villa,unfurnished,10499008.0
2945.0,4,4,34,8,15,1,tier1,independent_house,unfurnished,19532043.0
2564.0,2,1,26,6,14,0,tier1,villa,semi,23360603.0
3249.0,5,5,5,20,27,2,metro,studio,unfurnished,23654668.0
3144.0,5,5,29,10,17,2,tier3,villa,unfurnished,12267828.0
2094.0,5,5,19,2,12,0,tier1,independent_house,semi,18051724.0
3609.0,3,2,15,0,14,0,tier2,independent_house,semi,17397877.0
1464.0,1,1,31,20,30,1,metro,apartment,unfurnished,8483644.0
728.0,5,5,12,4,14,2,tier3,apartment,unfurnished,2077663.0
4144.0,1,2,25,16,17,3,metro,apartment,unfurnished,25000000.0
492.0,1,2,7,0,8,1,metro,apartment,semi,4193997.0
1563.0,2,2,15,18,30,0,tier3,apartment,semi,4300277.0
869.0,1,1,22,13,19,3,tier3,apartment,unfurnished,2081877.0
1350.0,4,3,25,4,12,1,metro,villa,semi,16110241.0
2019.0,3,3,37,18,23,2,tier1,apartment,fully,12094078.0
931.0,2,1,11,6,9,0,tier2,independent_house,semi,4867108.0
2313.0,1,2,36,20,30,0,tier3,apartment,semi,4913983.0
4202.0,2,2,33,12,17,0,tier1,independent_house,semi,25000000.0
959.0,4,5,14,9,18,3,tier1,apartment,fully,7206749.0
4198.0,4,3,5,1,10,0,tier2,villa,fully,25000000.0
2085.0,2,2,10,5,17,3,tier2,apartment,unfurnished,9439548.0
2829.0,1,2,26,1,15,3,tier2,independent_house,unfurnished,14678081.0
2210.0,3,2,32,17,25,2,tier2,apartment,unfurnished,8123171.0
1698.0,4,5,25,2,3,3,metro,studio,fully,11567392.0
847.0,1,1,29,2,11,3,tier3,apartment,unfurnished,1829439.0
2832.0,4,4,4,2,15,2,tier3,villa,fully,19541577.0
4158.0,1,1,20,20,27,3,tier2,apartment,unfurnished,14054636.0
2535.0,2,3,35,20,28,2,metro,villa,semi,25000000.0
2856.0,4,5,15,15,26,0,metro,villa,unfurnished,25000000.0
3039.0,1,1,36,1,8,0,tier2,apartment,semi,9323555.0
1992.0,2,2,5,10,16,1,metro,apartment,semi,17978494.0
894.0,1,2,40,19,26,1,tier3,apartment,semi,1733975.0
2478.0,2,1,32,2,14,1,tier1,apartment,semi,12756790.0
3962.0,4,4,25,16,23,0,tier2,studio,semi,11773616.0
1688.0,2,3,25,0,5,2,tier3,apartment,semi,5108707.0
3973.0,1,1,38,16,25,1,tier1,apartment,fully,20596109.0
3902.0,2,2,15,11,21,3,tier1,studio,fully,20217885.0
1403.0,1,1,6,18,30,3,tier2,apartment,semi,6595086.0
2757.0,4,3,37,8,21,2,tier2,apartment,semi,11400244.0
3464.0,5,4,4,16,27,3,tier1,independent_house,fully,25000000.0
2429.0,1,1,27,17,28,1,tier2,studio,semi,6277627.0
3267.0,4,3,10,6,13,3,tier3,independent_house,fully,12851595.0
4134.0,2,3,38,13,18,3,tier1,villa,fully,25000000.0
2971.0,1,1,39,9,17,0,metro,studio,unfurnished,13128633.0
3835.0,4,5,19,9,19,2,tier1,apartment,unfurnished,20496129.0
3683.0,2,2,21,16,24,1,tier1,studio,semi,17142072.0
3732.0,3,2,18,4,7,1,metro,independent_house,semi,25000000.0
3894.0,3,3,17,2,3,1,metro,studio,semi,23578020.0
1324.0,3,4,38,10,11,3,tier2,apartment,fully,5035771.0
475.0,1,1,11,17,23,3,tier1,apartment,semi,3330391.0
1027.0,2,1,39,3,15,1,tier3,independent_house,unfurnished,2540180.0
1423.0,4,3,26,7,19,1,metro,villa,semi,18360896.0
3229.0,5,5,39,14,26,2,metro,villa,unfurnished,25000000.0
2490.0,1,2,25,10,20,2,tier2,studio,semi,7170018.0
2321.0,3,3,33,12,13,1,tier3,villa,fully,9771631.0
437.0,5,4,20,11,24,1,tier1,apartment,unfurnished,2680740.0
3203.0,2,1,18,17,30,3,metro,apartment,fully,25000000.0
1893.0,3,3,10,18,30,1,metro,apartment,fully,20221712.0
3518.0,5,5,8,9,16,1,tier1,apartment,unfurnished,22464873.0
862.0,5,4,1,9,13,1,tier1,apartment,fully,6637006.0
1610.0,4,5,15,5,18,1,tier1,independent_house,fully,16214124.0
624.0,4,3,40,9,12,2,metro,independent_house,semi,5570021.0
1567.0,4,3,38,17,29,2,tier1,villa,unfurnished,12255819.0
4185.0,2,2,28,10,24,0,tier3,apartment,unfurnished,8494003.0
2412.0,5,5,14,14,27,3,tier2,independent_house,semi,18922797.0
2202.0,1,1,21,8,16,1,tier1,independent_house,unfurnished,17480078.0
1521.0,1,2,31,14,26,0,metro,independent_house,unfurnished,12274081.0
1485.0,4,3,0,14,26,2,tier1,villa,fully,19489341.0
3135.0,5,5,37,11,25,0,tier1,independent_house,semi,21514062.0
4439.0,5,4,35,19,25,3,tier2,villa,semi,25000000.0
3461.0,4,3,39,18,27,3,tier3,villa,fully,14375724.0
3421.0,2,2,3,3,15,2,tier3,independent_house,unfurnished,13220688.0
2335.0,2,1,38,4,8,3,tier3,apartment,unfurnished,4319297.0
804.0,3,2,25,20,24,1,tier3,apartment,semi,2103145.0
3367.0,2,1,22,8,14,1,tier3,apartment,semi,8538545.0
3715.0,3,4,7,6,12,2,metro,villa,unfurnished,25000000.0
2492.0,1,1,20,16,27,1,metro,villa,fully,25000000.0
775.0,2,2,14,12,26,3,tier1,independent_house,unfurnished,5915453.0
3322.0,5,5,40,2,5,1,tier2,apartment,semi,12440092.0
4176.0,4,4,13,1,6,1,metro,apartment,semi,25000000.0
1322.0,1,2,8,16,30,2,tier2,independent_house,semi,8524664.0
1053.0,2,2,38,16,25,0,tier2,apartment,unfurnished,3172565.0
3429.0,2,1,7,7,10,2,tier1,studio,unfurnished,15233608.0
1760.0,2,1,37,18,27,3,metro,apartment,fully,13572887.0
3332.0,4,3,39,2,15,3,tier1,villa,fully,24995911.0
3283.0,5,4,12,18,24,0,metro,villa,semi,25000000.0
1493.0,4,3,28,1,8,0,tier3,independent_house,unfurnished,4765888.0
573.0,3,3,32,13,22,0,tier2,apartment,semi,2335657.0
2679.0,1,2,21,17,29,3,tier2,studio,unfurnished,6798346.0
2071.0,1,1,28,13,21,1,tier1,villa,unfurnished,13968420.0
3906.0,5,4,5,16,30,0,tier1,villa,unfurnished,25000000.0
1867.0,4,5,21,7,18,2,tier1,villa,unfurnished,17513012.0
1423.0,3,2,21,6,12,3,tier2,apartment,unfurnished,5723482.0
3926.0,3,4,23,5,12,0,tier2,villa,unfurnished,22463591.0
3417.0,5,5,38,2,12,0,metro,apartment,fully,24036148.0
2935.0,5,5,33,5,6,0,tier3,apartment,semi,6340917.0
4311.0,1,1,24,5,9,0,metro,villa,semi,25000000.0
3610.0,2,2,16,15,19,0,tier3,villa,unfurnished,12547310.0
3951.0,1,1,16,4,16,0,metro,apartment,fully,25000000.0
3675.0,2,2,0,3,15,2,tier1,apartment,unfurnished,22716936.0
2046.0,4,5,22,15,27,0,tier2,apartment,unfurnished,7799979.0
655.0,2,3,10,11,13,2,metro,apartment,semi,6658796.0
2889.0,1,1,36,4,9,1,tier1,villa,semi,22866025.0
3536.0,3,2,31,14,19,2,tier1,apartment,fully,22536478.0
4466.0,3,2,37,4,5,2,metro,independent_house,semi,25000000.0
3194.0,4,5,40,16,20,2,tier2,apartment,unfurnished,10598929.0
2730.0,1,1,16,0,7,3,tier3,apartment,unfurnished,8163725.0
2760.0,2,3,17,12,25,0,tier3,independent_house,semi,8630295.0
871.0,4,4,24,12,15,2,tier1,apartment,unfurnished,4660005.0
430.0,4,3,17,7,20,1,tier1,apartment,unfurnished,2405835.0
586.0,5,5,11,14,26,2,metro,studio,unfurnished,4212585.0
4109.0,5,5,28,7,10,0,metro,studio,fully,23455719.0
3640.0,5,5,18,13,17,1,metro,independent_house,unfurnished,25000000.0
1466.0,3,4,38,4,11,3,tier3,apartment,unfurnished,3350229.0
2136.0,5,5,9,11,25,3,tier3,villa,fully,13060288.0
2382.0,3,3,18,15,26,1,tier2,studio,semi,7813280.0
1411.0,5,4,21,20,30,0,tier1,studio,semi,7136981.0
2132.0,2,3,37,7,12,2,tier1,apartment,semi,10294209.0
1825.0,3,4,23,9,22,1,tier1,apartment,unfurnished,9973343.0
3248.0,4,5,2,10,24,1,tier1,apartment,fully,23015569.0
3505.0,2,3,13,18,27,0,tier1,apartment,unfurnished,17431225.0
803.0,1,1,36,20,23,1,metro,independent_house,fully,8367124.0
2307.0,5,5,11,13,17,0,metro,apartment,unfurnished,18204193.0
4464.0,3,4,13,17,19,0,tier3,apartment,semi,13073847.0
3960.0,5,5,6,1,13,2,tier1,apartment,semi,25000000.0
3654.0,2,1,29,15,20,3,tier3,villa,unfurnished,14863375.0
3413.0,5,5,5,17,27,0,metro,apartment,unfurnished,25000000.0
417.0,4,4,15,15,19,0,tier2,apartment,fully,2021977.0
4393.0,4,5,29,12,26,0,metro,apartment,unfurnished,25000000.0
3414.0,4,5,36,18,29,2,tier1,studio,fully,13667829.0
4042.0,2,1,9,13,19,3,metro,apartment,unfurnished,25000000.0
4126.0,5,5,13,17,24,1,metro,villa,semi,25000000.0
1443.0,5,5,4,3,4,0,tier3,apartment,semi,4925360.0
456.0,4,3,17,13,15,0,tier1,apartment,semi,2720732.0
3102.0,5,5,40,9,23,2,tier2,apartment,semi,10154440.0
2281.0,5,4,12,18,30,1,tier1,apartment,semi,14019104.0
484.0,4,5,10,18,30,1,tier1,apartment,semi,3392737.0
1510.0,3,4,16,17,27,0,tier1,villa,semi,12741432.0
4463.0,5,5,36,4,8,3,metro,independent_house,semi,25000000.0
1889.0,1,1,22,10,12,1,tier3,apartment,semi,5621428.0
1470.0,3,3,24,0,11,2,tier2,apartment,unfurnished,5526175.0
3083.0,5,5,32,20,25,2,tier2,villa,unfurnished,19067654.0
3125.0,5,5,29,5,6,0,tier1,apartment,semi,15852062.0
1761.0,2,1,24,13,14,0,metro,apartment,fully,12289442.0
3881.0,1,2,22,10,18,3,tier3,apartment,unfurnished,9911436.0
2779.0,2,2,21,18,30,3,tier1,apartment,semi,16001338.0
1057.0,5,5,7,17,23,1,metro,villa,unfurnished,16644891.0
1732.0,3,4,16,16,30,0,tier1,studio,semi,7718003.0
3876.0,1,1,34,13,19,1,tier2,studio,semi,12125506.0
766.0,1,1,1,2,13,3,tier2,studio,semi,2588506.0
450.0,2,1,33,19,23,2,tier2,apartment,semi,1627981.0
3091.0,2,3,23,1,10,0,tier2,apartment,fully,11310865.0
2212.0,1,1,14,9,13,2,metro,apartment,unfurnished,18210060.0
1436.0,3,3,4,7,18,0,tier3,apartment,semi,4508758.0
2335.0,3,2,31,8,15,1,tier1,apartment,unfurnished,10503919.0
1152.0,1,2,0,20,21,1,tier2,apartment,fully,5376470.0
1933.0,2,3,22,4,8,1,metro,villa,fully,25000000.0
1359.0,4,4,6,12,17,2,tier3,apartment,unfurnished,4531211.0
2804.0,5,4,37,4,11,0,tier1,apartment,unfurnished,11805222.0
3161.0,5,5,7,19,23,3,metro,independent_house,semi,25000000.0
4150.0,3,4,32,15,24,2,tier1,apartment,fully,25000000.0
677.0,1,2,23,8,22,1,metro,independent_house,unfurnished,6127239.0
1740.0,5,5,1,1,11,3,metro,apartment,semi,19228771.0
1484.0,5,5,29,3,8,1,tier2,villa,unfurnished,9473569.0
2774.0,2,2,36,5,15,1,tier1,apartment,semi,11912272.0
2585.0,3,2,9,8,22,0,tier3,villa,semi,11131939.0
3997.0,1,1,39,18,22,3,tier1,apartment,unfurnished,17050328.0
4167.0,5,5,32,2,6,3,tier2,apartment,fully,19856767.0
3569.0,4,4,30,12,13,0,tier1,villa,unfurnished,25000000.0
1215.0,1,2,13,7,19,3,tier2,apartment,fully,5830698.0
567.0,4,4,4,0,12,3,tier2,apartment,unfurnished,2615002.0
4086.0,3,3,17,13,19,1,tier1,studio,semi,20178650.0
4265.0,3,3,33,14,27,3,tier3,apartment,unfurnished,9808648.0
1426.0,2,3,24,20,30,2,tier1,villa,semi,13382446.0
591.0,5,4,26,10,24,2,metro,villa,unfurnished,7940587.0
3190.0,3,3,32,6,19,0,tier2,apartment,semi,12659799.0
2813.0,5,5,13,17,30,0,tier2,villa,unfurnished,18723444.0
4044.0,1,1,1,5,11,2,metro,apartment,unfurnished,25000000.0
2758.0,3,2,36,14,23,1,tier1,independent_house,fully,21772326.0
3517.0,2,1,25,19,22,3,tier3,apartment,semi,10277348.0
3624.0,5,5,23,0,13,0,tier2,apartment,semi,13973040.0
440.0,3,2,23,19,24,3,tier3,apartment,semi,1118947.0
1008.0,4,4,34,4,11,2,tier1,studio,semi,4499884.0
3598.0,1,1,31,10,19,3,tier2,independent_house,fully,16095131.0
1135.0,4,3,27,5,17,3,tier1,studio,semi,4428712.0
1245.0,1,1,32,3,14,3,tier3,independent_house,fully,4133782.0
3483.0,2,3,11,14,28,1,tier1,independent_house,fully,25000000.0
1238.0,2,2,29,10,20,2,tier2,villa,semi,6636896.0
1012.0,1,1,39,10,22,0,tier1,studio,unfurnished,3078202.0
455.0,3,3,9,10,19,1,tier2,villa,semi,3314448.0
2324.0,2,3,23,15,21,1,tier2,apartment,fully,8994096.0
3010.0,3,4,27,20,30,1,tier1,villa,unfurnished,25000000.0
3399.0,4,5,21,10,16,2,tier3,villa,unfurnished,14792430.0
4112.0,1,1,39,3,12,0,tier1,apartment,unfurnished,17865098.0
3070.0,4,4,16,6,11,2,tier2,apartment,fully,12894857.0
3501.0,2,1,8,10,17,1,tier1,apartment,semi,19355931.0
1263.0,2,1,5,2,8,0,tier1,independent_house,unfurnished,10207562.0
1795.0,3,4,34,4,8,2,tier1,apartment,semi,10715814.0
1646.0,4,3,28,4,16,3,metro,independent_house,fully,17772235.0
666.0,4,5,23,20,30,2,metro,apartment,fully,5993784.0
4372.0,1,2,17,8,18,0,tier2,independent_house,unfurnished,18427671.0
1389.0,3,4,16,18,20,2,tier2,apartment,unfurnished,5225413.0
2239.0,2,2,38,11,15,2,tier2,studio,unfurnished,5238468.0
1863.0,2,3,27,10,14,2,metro,villa,semi,21402416.0
582.0,5,4,39,19,29,1,tier1,apartment,unfurnished,2468405.0
4103.0,1,2,32,14,27,0,metro,apartment,unfurnished,21880330.0
1300.0,3,3,31,5,11,0,tier2,apartment,fully,4122283.0
811.0,3,4,22,5,10,1,tier3,apartment,semi,2221663.0
1803.0,2,1,9,13,21,2,metro,independent_house,unfurnished,20893449.0
989.0,4,5,26,0,14,2,tier2,studio,unfurnished,2859912.0
4497.0,3,3,29,3,9,2,metro,independent_house,unfurnished,25000000.0
1174.0,4,3,21,1,5,1,tier1,villa,unfurnished,11236074.0
1641.0,2,2,0,14,22,1,metro,apartment,semi,16062094.0
1511.0,5,4,39,9,22,0,tier1,independent_house,unfurnished,9384564.0
508.0,4,3,33,0,11,3,tier2,independent_house,unfurnished,2382146.0
452.0,2,2,14,15,23,1,tier3,apartment,fully,1251272.0
2502.0,5,5,20,13,24,2,metro,studio,fully,18053456.0
1354.0,5,4,5,15,16,1,tier1,apartment,unfurnished,10105114.0
742.0,3,2,38,3,14,1,tier2,independent_house,semi,3653878.0
1594.0,1,1,9,18,20,0,tier3,studio,unfurnished,2904942.0
1523.0,3,3,15,3,9,3,tier2,independent_house,fully,10215799.0
2138.0,4,3,17,11,16,0,tier1,apartment,fully,12514412.0
4468.0,2,2,10,11,21,3,tier2,villa,semi,25000000.0
1658.0,1,1,26,4,8,0,tier1,apartment,semi,7668114.0
3289.0,3,4,40,7,11,0,tier3,independent_house,unfurnished,9172094.0
3550.0,5,4,35,1,14,3,tier1,apartment,unfurnished,23041761.0
607.0,2,2,21,9,16,3,tier2,independent_house,semi,3189641.0
2455.0,3,2,5,14,25,3,metro,studio,unfurnished,20530701.0
2239.0,1,2,35,6,15,3,tier1,apartment,semi,11423084.0
2481.0,4,5,10,11,20,1,tier3,apartment,semi,7116656.0
1103.0,5,5,37,20,30,0,tier2,villa,unfurnished,5382522.0
2306.0,4,4,16,4,14,2,tier1,apartment,semi,17685193.0
904.0,3,4,21,6,19,2,tier3,apartment,fully,2743552.0
4277.0,1,1,17,2,13,2,tier3,apartment,semi,10796603.0
2806.0,3,2,18,11,16,0,tier1,apartment,semi,15917282.0
541.0,5,4,6,4,7,0,tier1,villa,fully,6551499.0
2473.0,1,2,22,17,29,2,tier1,villa,unfurnished,20003235.0
4197.0,2,1,16,6,12,3,tier2,apartment,semi,18436392.0
3445.0,5,4,34,13,18,3,tier1,villa,semi,25000000.0
1519.0,3,2,19,3,5,2,metro,apartment,unfurnished,10728214.0
4058.0,1,2,39,6,14,1,tier3,apartment,fully,9296254.0
1160.0,1,2,12,3,11,1,tier3,independent_house,semi,4185189.0
1411.0,3,4,13,11,23,2,tier2,apartment,unfurnished,5555929.0
1035.0,3,2,1,0,11,2,tier3,villa,unfurnished,5336246.0
4184.0,5,5,30,1,12,0,tier2,studio,fully,11205741.0
3339.0,5,5,3,10,18,1,tier2,villa,fully,23165774.0
2523.0,3,3,11,11,24,2,tier2,villa,unfurnished,17154567.0
3138.0,3,2,37,6,20,3,tier1,apartment,semi,16042022.0
1461.0,5,5,25,9,21,3,tier1,apartment,unfurnished,7592673.0
689.0,4,3,22,8,13,3,metro,apartment,semi,5160192.0
3867.0,2,1,32,15,19,0,tier2,independent_house,semi,20164885.0
4353.0,4,3,31,9,10,1,tier1,independent_house,unfurnished,25000000.0
545.0,4,5,36,17,30,2,tier1,apartment,semi,2874345.0
611.0,2,3,27,4,15,3,tier2,apartment,fully,2939437.0
2693.0,5,5,18,4,18,1,tier1,apartment,unfurnished,17165416.0
576.0,2,2,5,8,20,3,metro,villa,unfurnished,9168069.0
3358.0,3,3,15,1,8,2,tier2,villa,fully,22539030.0
4275.0,3,3,28,14,17,2,tier3,independent_house,unfurnished,12335469.0
1547.0,4,3,10,8,9,2,metro,studio,semi,11470332.0
1606.0,5,5,27,7,19,3,metro,apartment,semi,14170417.0
3940.0,2,3,5,11,16,2,tier1,independent_house,unfurnished,25000000.0
1860.0,2,1,2,1,7,2,tier2,villa,unfurnished,11239258.0
1385.0,4,3,14,7,19,1,tier2,apartment,unfurnished,5984559.0
745.0,5,4,9,20,27,1,metro,studio,unfurnished,5333157.0
3843.0,5,5,35,13,27,2,tier2,apartment,semi,15753290.0
4196.0,4,3,15,12,20,3,metro,independent_house,fully,25000000.0
722.0,4,3,17,10,22,2,tier1,independent_house,unfurnished,6006150.0
3692.0,4,4,16,9,11,3,tier3,studio,semi,7949264.0
1055.0,5,4,13,19,25,2,metro,villa,semi,15646389.0
969.0,1,1,37,19,22,1,metro,apartment,unfurnished,5164785.0
1962.0,3,2,30,8,9,2,tier1,independent_house,semi,13501881.0
2190.0,1,2,6,19,30,2,tier2,independent_house,unfurnished,11732549.0
3901.0,3,3,8,1,9,3,tier3,villa,semi,19021287.0
3268.0,2,1,3,6,11,1,tier3,independent_house,unfurnished,11564587.0
992.0,2,2,10,6,12,0,metro,apartment,semi,7355168.0
2794.0,5,4,26,14,18,0,metro,villa,fully,25000000.0
3989.0,4,4,38,12,14,0,tier2,independent_house,unfurnished,16091920.0
3114.0,3,3,19,9,22,2,tier1,apartment,fully,20608410.0
1341.0,5,5,3,5,7,3,tier3,villa,unfurnished,6049826.0
928.0,1,1,1,10,16,2,tier2,studio,unfurnished,3253356.0
2255.0,4,5,16,5,8,0,metro,independent_house,unfurnished,24062792.0
2335.0,1,1,10,10,24,1,tier2,independent_house,fully,13285154.0
1846.0,2,1,23,7,10,3,metro,apartment,semi,14253781.0
847.0,1,1,4,18,24,0,tier1,studio,fully,4380728.0
884.0,3,2,9,15,26,2,tier2,apartment,semi,3097365.0
2568.0,4,4,22,3,11,1,tier1,villa,semi,22726412.0
4271.0,4,4,11,19,25,3,tier2,villa,fully,25000000.0
2851.0,3,4,14,13,21,2,tier2,independent_house,fully,17803110.0
2196.0,5,5,9,7,14,2,tier3,studio,fully,6898621.0
4218.0,2,3,2,11,16,2,tier3,independent_house,semi,17326029.0
3230.0,1,1,14,4,13,3,tier1,villa,fully,25000000.0
3343.0,1,1,13,0,6,2,metro,apartment,unfurnished,25000000.0
2758.0,1,1,36,8,22,2,tier2,villa,fully,16181518.0
3527.0,3,4,36,16,23,3,tier3,villa,fully,13717758.0
2457.0,3,4,17,7,18,2,tier1,apartment,semi,13600926.0
2950.0,5,4,11,8,12,2,tier1,villa,unfurnished,25000000.0
2927.0,1,1,17,20,30,1,tier1,independent_house,unfurnished,23047686.0
3485.0,2,1,24,20,28,1,metro,independent_house,fully,25000000.0
4083.0,5,5,15,9,20,0,tier2,independent_house,fully,25000000.0
1606.0,1,1,31,0,7,2,tier1,apartment,semi,9478819.0
3267.0,3,2,39,14,25,1,tier2,villa,fully,19627408.0
529.0,1,1,16,15,16,3,tier2,apartment,semi,1985722.0
2583.0,3,3,4,19,29,3,tier2,apartment,fully,13589532.0
4084.0,5,5,4,19,30,3,tier1,villa,unfurnished,25000000.0
3045.0,2,2,35,13,20,1,tier1,apartment,unfurnished,13311988.0
1497.0,2,1,17,2,3,2,tier2,apartment,semi,6908374.0
2886.0,3,4,13,5,13,3,tier2,independent_house,unfurnished,16343412.0
1866.0,4,5,25,15,26,2,tier1,apartment,semi,11335634.0
2175.0,5,4,39,12,19,2,tier3,apartment,fully,5468562.0
1335.0,1,1,17,9,11,1,metro,apartment,unfurnished,9649289.0
2961.0,3,3,12,8,14,1,tier3,villa,semi,13948442.0
1213.0,4,4,35,14,28,2,metro,apartment,unfurnished,7215312.0
2218.0,1,1,3,8,12,3,metro,villa,fully,25000000.0
4250.0,5,4,34,3,11,0,tier1,villa,unfurnished,25000000.0
3506.0,2,3,21,20,25,0,metro,apartment,semi,25000000.0
2098.0,3,3,0,7,17,0,metro,studio,semi,13743135.0
4372.0,5,4,9,5,11,2,metro,apartment,unfurnished,25000000.0
457.0,4,4,27,1,7,1,tier1,villa,unfurnished,4126826.0
4335.0,5,4,30,9,18,1,tier2,apartment,unfurnished,16404239.0
1843.0,4,3,8,20,29,3,metro,villa,unfurnished,24181780.0
3765.0,2,3,26,3,10,0,tier2,apartment,unfurnished,12319211.0
4284.0,4,3,40,5,9,0,tier2,independent_house,unfurnished,15693373.0
2867.0,4,3,28,3,5,0,metro,apartment,semi,21239547.0
2903.0,2,3,28,1,11,1,metro,villa,unfurnished,25000000.0
3472.0,1,1,7,12,17,2,tier3,apartment,unfurnished,10024467.0
1382.0,4,4,26,6,15,0,tier2,apartment,unfurnished,5080523.0
1129.0,3,4,29,15,21,0,tier1,apartment,semi,6429096.0
1809.0,4,5,4,8,20,0,tier2,villa,semi,13814653.0
2363.0,1,2,12,13,23,3,metro,villa,semi,25000000.0
3445.0,3,3,36,1,7,0,tier1,studio,semi,13258835.0
1454.0,5,5,40,6,11,2,tier2,independent_house,semi,7582537.0
2715.0,5,4,7,8,19,2,tier1,studio,unfurnished,13046036.0
414.0,5,4,30,1,2,0,tier2,apartment,unfurnished,1499887.0
526.0,2,1,20,8,9,2,tier1,independent_house,semi,4010488.0
4363.0,1,1,24,9,11,1,tier2,villa,unfurnished,19552520.0
3886.0,3,4,20,8,13,2,tier1,villa,fully,25000000.0
3941.0,3,4,35,10,17,0,tier1,studio,semi,12851539.0
1747.0,2,3,18,16,21,2,metro,independent_house,semi,19752966.0
2506.0,1,1,24,16,19,3,metro,independent_house,semi,22636967.0
3166.0,1,2,27,0,5,0,tier2,independent_house,fully,14276813.0
1442.0,2,3,22,13,20,2,metro,apartment,semi,10935422.0
3452.0,4,4,36,18,23,2,metro,independent_house,semi,25000000.0
3241.0,1,1,9,18,27,0,metro,villa,fully,25000000.0
2069.0,1,1,38,6,12,2,metro,studio,semi,9062817.0
2182.0,2,3,27,16,30,2,tier2,independent_house,semi,11329940.0
1660.0,5,4,39,16,30,1,tier1,apartment,unfurnished,7725084.0
3693.0,5,5,15,7,17,1,tier3,apartment,unfurnished,10977778.0
4446.0,3,4,19,18,26,2,metro,apartment,fully,25000000.0
4498.0,1,1,1,13,14,2,tier2,villa,unfurnished,25000000.0
3562.0,1,1,37,15,24,3,tier1,apartment,unfurnished,18959132.0
1831.0,5,5,33,15,21,0,tier1,independent_house,unfurnished,11925593.0
3602.0,3,2,12,16,21,3,tier3,villa,fully,19081605.0
1402.0,1,1,2,20,30,0,tier3,independent_house,semi,4662430.0
4075.0,5,5,28,18,19,2,tier3,apartment,semi,10404129.0
1496.0,3,3,27,8,12,1,metro,villa,fully,19903448.0
2051.0,2,3,21,11,22,0,metro,apartment,unfurnished,13836267.0
782.0,3,4,6,13,26,2,tier2,independent_house,fully,5550482.0
733.0,2,2,37,17,25,2,tier1,apartment,semi,3674018.0
2015.0,5,5,17,8,16,2,tier2,apartment,semi,8248975.0
2655.0,4,3,29,6,20,1,tier2,apartment,fully,11679565.0
471.0,1,1,35,15,17,1,tier2,independent_house,fully,1958269.0
3869.0,4,5,22,20,27,2,tier2,apartment,unfurnished,14189194.0
869.0,1,1,3,19,23,0,tier2,villa,unfurnished,5541352.0
4493.0,3,2,36,3,10,3,metro,independent_house,fully,25000000.0
1513.0,4,5,27,19,30,2,metro,independent_house,semi,15081334.0
1953.0,1,2,36,16,25,3,tier2,apartment,semi,6641387.0
1055.0,4,4,25,3,17,0,tier1,apartment,unfurnished,5520525.0
3780.0,2,3,37,0,8,2,tier1,apartment,fully,20134614.0
3401.0,4,3,35,4,17,2,tier1,apartment,semi,19825474.0
722.0,3,3,8,19,22,3,tier2,independent_house,fully,4778705.0
832.0,1,2,7,15,20,1,tier2,apartment,semi,3786922.0
2897.0,4,4,6,12,16,3,tier2,apartment,fully,17107321.0
3950.0,2,2,32,13,24,0,tier1,apartment,semi,21814685.0
850.0,5,4,9,8,16,3,tier1,villa,semi,10327823.0
1306.0,5,5,18,19,23,2,tier1,apartment,semi,8660768.0
2635.0,1,1,32,3,6,3,tier1,independent_house,semi,17360163.0
845.0,4,5,17,6,12,0,tier2,apartment,semi,3114893.0
1648.0,2,1,2,4,7,1,tier2,studio,unfurnished,5100355.0
441.0,4,4,14,17,27,2,metro,independent_house,unfurnished,5057743.0
2446.0,3,3,3,11,23,2,metro,apartment,semi,23396720.0
3332.0,2,3,15,14,28,0,metro,apartment,unfurnished,25000000.0
2089.0,4,3,30,19,23,2,tier3,apartment,semi,4788821.0
1452.0,2,3,21,4,11,1,tier2,apartment,unfurnished,5105920.0
2139.0,5,5,27,20,28,0,metro,apartment,unfurnished,17994151.0
2488.0,5,5,4,2,9,2,tier3,independent_house,semi,12395191.0
1079.0,1,1,30,15,22,2,tier1,villa,unfurnished,8452491.0
857.0,4,3,17,14,18,0,tier1,apartment,fully,5672952.0
1145.0,5,4,11,17,19,3,tier3,villa,fully,6271059.0
4439.0,1,1,26,3,9,2,metro,apartment,semi,25000000.0
3364.0,4,3,5,20,22,1,metro,studio,semi,24982056.0
914.0,5,5,20,16,17,3,tier2,apartment,unfurnished,3113502.0
1635.0,2,1,17,2,10,3,metro,independent_house,fully,19389850.0
2088.0,3,2,6,11,24,3,tier2,independent_house,unfurnished,12627302.0
1142.0,4,5,39,17,25,3,metro,apartment,fully,8494486.0
3891.0,2,1,14,10,11,0,metro,apartment,fully,25000000.0
4256.0,2,1,1,7,19,0,metro,apartment,unfurnished,25000000.0
1404.0,2,2,18,5,15,0,tier1,independent_house,semi,11410193.0
467.0,2,3,39,10,15,3,metro,villa,semi,4666809.0
1494.0,4,5,27,20,24,1,metro,independent_house,semi,18152617.0
2788.0,2,1,26,12,25,1,tier3,independent_house,unfurnished,8945469.0
3714.0,2,1,36,15,22,3,tier1,independent_house,semi,23372003.0
1792.0,5,5,3,16,18,0,tier1,villa,unfurnished,18750683.0
1520.0,3,4,22,16,20,1,metro,villa,fully,22072671.0
1420.0,5,5,13,8,12,1,tier1,independent_house,semi,12157465.0
411.0,4,5,27,16,22,1,tier1,apartment,semi,2341666.0
457.0,5,5,34,6,11,2,tier2,independent_house,fully,2597269.0
2154.0,1,2,3,12,20,2,metro,apartment,semi,17601219.0
2931.0,5,5,6,6,11,1,tier3,apartment,semi,9367180.0
451.0,5,5,39,19,28,0,tier3,independent_house,semi,1280943.0
1221.0,1,1,20,15,22,2,metro,apartment,semi,10070662.0
4130.0,2,3,12,12,26,2,metro,apartment,unfurnished,25000000.0
4459.0,3,4,6,9,21,2,metro,apartment,fully,25000000.0
3031.0,3,2,14,10,15,1,tier2,villa,unfurnished,17024096.0
2538.0,4,3,0,16,17,3,metro,independent_house,semi,25000000.0
2790.0,4,4,9,5,14,2,tier3,apartment,fully,8520770.0
1918.0,2,1,7,17,22,3,tier2,apartment,unfurnished,8027560.0
1226.0,4,5,3,5,18,2,tier2,villa,fully,10588544.0
1941.0,5,5,39,2,8,1,tier1,studio,unfurnished,7095419.0
3269.0,3,3,32,15,20,1,tier3,apartment,unfurnished,6189322.0
3116.0,5,5,38,14,19,2,metro,studio,semi,16998154.0
3176.0,4,5,9,7,20,2,tier1,independent_house,semi,25000000.0
2895.0,5,5,11,13,15,2,tier1,apartment,fully,22428221.0
647.0,5,5,11,15,29,2,tier3,independent_house,semi,2752611.0
2968.0,1,2,22,16,20,1,tier2,independent_house,unfurnished,13547836.0
4011.0,5,4,7,20,30,0,tier2,villa,unfurnished,25000000.0
3060.0,1,2,9,17,25,1,metro,apartment,unfurnished,25000000.0
2775.0,5,4,39,9,17,3,tier3,independent_house,semi,8397726.0
1318.0,5,4,14,4,7,2,tier1,independent_house,unfurnished,10834952.0
3649.0,2,2,32,2,13,3,tier1,independent_house,semi,25000000.0
2251.0,1,1,9,12,22,2,tier3,studio,fully,5002652.0
1477.0,3,2,38,13,20,3,tier1,villa,semi,11339222.0
2408.0,2,3,28,14,21,0,tier1,independent_house,semi,14011724.0
900.0,3,3,35,0,9,2,tier2,independent_house,unfurnished,3708590.0
4198.0,1,2,21,14,21,0,metro,apartment,fully,25000000.0
3280.0,1,2,37,16,30,0,tier1,apartment,unfurnished,15171032.0
1738.0,3,3,14,15,16,0,metro,apartment,semi,17003604.0
3654.0,4,4,19,11,15,1,metro,independent_house,unfurnished,25000000.0
622.0,2,3,2,0,12,0,tier3,apartment,unfurnished,1478552.0
1982.0,2,1,6,10,22,1,tier2,independent_house,unfurnished,11570207.0
3070.0,1,2,31,13,18,0,tier1,apartment,unfurnished,12322086.0
497.0,2,3,13,11,19,0,tier1,apartment,fully,2944875.0
3305.0,2,1,4,12,13,1,tier1,villa,unfurnished,25000000.0
3754.0,2,1,11,10,13,1,tier2,apartment,fully,16210366.0
2835.0,2,3,14,11,25,1,tier3,independent_house,semi,10197243.0
1244.0,2,3,29,6,16,1,tier3,apartment,unfurnished,2444710.0
3471.0,4,5,3,12,13,1,tier1,studio,unfurnished,15957013.0
1790.0,2,1,1,5,17,0,tier1,apartment,unfurnished,11551707.0
3417.0,4,5,29,10,16,1,tier1,studio,fully,15020551.0
2975.0,4,5,5,8,16,3,tier2,villa,unfurnished,22500223.0
782.0,4,5,17,14,26,0,tier1,apartment,fully,4123201.0
809.0,3,3,27,18,30,0,tier2,apartment,unfurnished,2946560.0
462.0,5,5,21,13,15,3,tier2,apartment,unfurnished,1832186.0
695.0,2,2,5,2,8,2,tier1,villa,unfurnished,7418090.0
1628.0,5,4,29,14,18,1,tier1,independent_house,semi,12703157.0
505.0,2,2,1,6,19,3,tier1,apartment,semi,3387579.0
4247.0,1,1,9,1,12,1,metro,apartment,fully,25000000.0
4158.0,5,4,4,4,14,2,metro,villa,unfurnished,25000000.0
1107.0,5,4,21,20,21,2,tier2,villa,unfurnished,7691617.0
1676.0,1,1,28,8,20,0,tier1,independent_house,fully,12502299.0
3442.0,3,2,26,4,12,3,metro,villa,semi,25000000.0
3108.0,3,4,5,2,6,2,tier2,independent_house,fully,21583225.0
2784.0,2,3,14,13,20,0,tier2,studio,semi,9240553.0
4455.0,3,4,5,15,22,3,tier1,apartment,semi,25000000.0
2982.0,4,3,14,7,12,2,tier2,apartment,unfurnished,13294591.0
3144.0,3,2,9,2,15,3,tier3,apartment,fully,9997945.0
2458.0,3,3,30,7,20,3,tier2,villa,unfurnished,13501546.0
2552.0,5,5,30,13,14,1,tier2,apartment,fully,10711732.0
1593.0,2,1,33,2,16,3,metro,studio,unfurnished,7172943.0
2535.0,4,5,8,5,11,0,tier3,villa,fully,13360647.0
4164.0,2,2,0,0,12,1,tier1,villa,fully,25000000.0
1945.0,5,5,1,9,20,2,tier3,independent_house,fully,8236528.0
946.0,2,1,34,3,12,2,tier2,apartment,semi,3162778.0
2859.0,5,5,37,4,15,0,metro,independent_house,semi,25000000.0
3619.0,4,4,8,2,12,0,metro,apartment,fully,25000000.0
4331.0,2,1,35,15,27,3,tier2,villa,semi,25000000.0
2622.0,4,5,21,10,16,3,tier2,studio,semi,9611762.0
3630.0,2,3,7,19,30,2,metro,independent_house,unfurnished,25000000.0
1426.0,2,2,12,8,22,2,tier2,independent_house,semi,7928317.0
2139.0,2,2,10,4,18,3,tier3,apartment,unfurnished,5926758.0
2118.0,4,4,31,4,7,0,tier1,independent_house,semi,14584386.0
1763.0,2,2,7,20,27,3,tier1,villa,unfurnished,18139225.0
3336.0,3,3,7,12,20,0,metro,villa,semi,25000000.0
4022.0,3,4,29,6,15,2,tier2,apartment,fully,15442243.0
1738.0,1,1,12,13,23,1,tier1,apartment,semi,10129874.0
956.0,2,1,10,11,23,3,tier3,villa,fully,5077490.0
3784.0,2,2,33,2,10,0,tier1,apartment,unfurnished,15402484.0
3883.0,2,3,38,14,24,2,tier2,independent_house,semi,17833329.0
4233.0,5,5,22,2,15,0,tier1,independent_house,semi,25000000.0
1445.0,2,1,33,4,6,0,metro,studio,semi,7808780.0
3348.0,3,4,34,14,23,1,tier2,apartment,semi,12201922.0
3334.0,4,5,24,9,15,3,tier1,studio,unfurnished,16081466.0
3639.0,4,3,34,4,17,1,tier1,apartment,semi,17337535.0
3705.0,4,5,0,1,9,2,tier3,villa,unfurnished,20434714.0
4305.0,3,4,1,12,21,2,tier3,independent_house,semi,20423014.0
2355.0,5,5,36,14,25,3,tier3,apartment,fully,6388505.0
711.0,5,5,5,4,8,1,metro,apartment,unfurnished,6309488.0
1188.0,2,3,29,8,16,0,tier2,apartment,semi,3746946.0
4035.0,1,2,17,7,18,3,tier3,villa,semi,15663529.0
3863.0,2,3,32,18,29,1,tier1,independent_house,semi,24400077.0
445.0,5,5,27,16,20,0,metro,apartment,unfurnished,2904014.0
1906.0,5,4,2,5,17,3,tier2,apartment,semi,11519106.0
1405.0,4,3,13,10,13,3,tier1,villa,fully,14350965.0
1714.0,4,5,29,19,23,0,tier2,apartment,semi,6434108.0
3019.0,2,2,37,7,19,3,tier3,independent_house,semi,9703409.0
2491.0,3,4,32,2,11,2,tier2,studio,unfurnished,6544407.0
2371.0,1,1,36,6,14,1,tier1,independent_house,fully,16192289.0
2183.0,3,3,39,12,20,2,tier1,independent_house,unfurnished,14420777.0
3030.0,1,1,36,20,30,0,tier1,villa,unfurnished,19279366.0
3200.0,1,1,23,6,10,0,metro,independent_house,semi,25000000.0
578.0,5,5,13,1,6,0,tier2,apartment,semi,2527038.0
962.0,5,4,20,3,10,0,tier2,apartment,semi,4458614.0
1798.0,4,3,32,8,20,2,tier1,independent_house,unfurnished,14444148.0
2186.0,4,4,17,1,9,3,tier1,apartment,unfurnished,12029365.0
4484.0,2,1,34,0,11,1,tier3,independent_house,semi,11173958.0
4055.0,3,4,28,13,25,0,metro,independent_house,unfurnished,25000000.0
3059.0,4,4,8,17,30,1,tier1,studio,semi,16753677.0
547.0,3,3,37,4,11,2,tier1,apartment,semi,3180299.0
812.0,2,1,34,10,17,3,tier2,villa,unfurnished,4546303.0
2275.0,2,2,24,12,14,2,metro,independent_house,semi,25000000.0
2806.0,5,5,7,14,16,1,tier2,apartment,fully,16444590.0
3108.0,2,2,9,20,27,2,tier1,villa,fully,25000000.0
981.0,5,4,34,18,29,0,tier2,independent_house,unfurnished,4775195.0
4039.0,4,3,0,6,18,1,metro,studio,semi,25000000.0
2422.0,5,5,19,20,26,2,tier1,independent_house,fully,22573085.0
2834.0,3,4,25,0,8,0,tier1,apartment,semi,15332943.0
561.0,2,3,9,20,30,0,metro,villa,unfurnished,6881686.0
3780.0,1,1,35,2,7,3,metro,villa,unfurnished,25000000.0
2626.0,3,3,21,2,5,0,metro,apartment,semi,22934026.0
1313.0,2,1,2,2,15,0,tier1,apartment,fully,8395557.0
1707.0,1,2,13,2,10,2,metro,apartment,fully,15907840.0
1846.0,5,4,16,9,12,1,tier3,apartment,fully,6030074.0
510.0,5,5,9,13,17,3,tier1,villa,unfurnished,5137759.0
4262.0,2,3,38,15,20,3,tier2,apartment,semi,13288439.0
3692.0,4,5,14,0,3,3,tier3,villa,unfurnished,14439113.0
4032.0,3,4,20,6,13,1,metro,apartment,unfurnished,25000000.0
1849.0,3,3,21,2,14,3,tier2,independent_house,unfurnished,9725850.0
2687.0,4,3,9,3,14,1,tier3,apartment,fully,8224838.0
2278.0,3,2,23,15,28,0,tier2,independent_house,unfurnished,9210037.0
2349.0,5,4,14,13,25,3,tier1,apartment,semi,16978521.0
2814.0,1,1,0,4,9,2,tier1,villa,semi,25000000.0
2249.0,4,4,16,6,7,0,metro,apartment,unfurnished,16540690.0
3570.0,5,4,23,19,22,3,tier1,apartment,semi,21150782.0
641.0,5,4,4,12,24,0,tier3,villa,unfurnished,3003767.0
1189.0,1,1,31,5,10,2,tier3,independent_house,unfurnished,3548977.0
4058.0,1,2,27,19,30,1,metro,studio,semi,20724632.0
4017.0,4,5,12,4,11,0,tier2,apartment,fully,16901577.0
3754.0,5,4,24,6,19,3,tier1,apartment,semi,23752305.0
1911.0,5,5,12,14,22,2,tier3,independent_house,fully,9502439.0
2270.0,5,5,26,10,23,3,metro,villa,unfurnished,25000000.0
503.0,1,1,6,1,5,2,tier3,apartment,unfurnished,1364318.0
1545.0,3,3,25,16,27,3,tier2,independent_house,semi,8261285.0
3378.0,4,5,2,4,12,3,metro,villa,fully,25000000.0
1805.0,4,4,0,14,17,3,metro,independent_house,unfurnished,22004287.0
2369.0,4,3,10,7,11,2,tier2,apartment,unfurnished,8958880.0
904.0,2,2,7,15,20,0,metro,apartment,fully,8945384.0
2435.0,3,2,20,18,21,1,tier1,apartment,fully,15671168.0
3359.0,3,2,6,16,30,2,tier3,independent_house,unfurnished,13260558.0
2745.0,5,4,10,19,22,0,tier2,apartment,fully,13754705.0
2682.0,2,1,4,11,20,0,tier1,independent_house,semi,23385535.0
4149.0,2,2,36,1,9,1,tier1,independent_house,semi,25000000.0
1359.0,1,1,30,11,19,3,metro,independent_house,semi,12821002.0
1627.0,1,1,8,9,18,1,tier3,apartment,fully,4639126.0
2954.0,5,4,4,15,28,3,tier1,apartment,unfurnished,25000000.0
2368.0,5,4,34,5,19,3,metro,villa,fully,25000000.0
4414.0,2,3,27,14,27,1,tier1,villa,unfurnished,25000000.0
644.0,4,3,36,9,16,0,tier3,studio,semi,1228430.0
901.0,3,2,7,14,25,3,metro,apartment,semi,9505039.0
1802.0,5,5,14,8,11,3,tier3,independent_house,fully,7429885.0
2279.0,2,1,4,8,21,2,tier2,apartment,fully,10998325.0
4050.0,5,4,17,4,7,3,tier2,apartment,fully,20267435.0
2426.0,2,1,6,17,19,0,tier3,apartment,semi,7263054.0
2192.0,4,4,0,1,13,1,tier2,independent_house,unfurnished,13387782.0
1083.0,2,3,20,4,15,2,tier3,apartment,fully,3054211.0
2180.0,4,4,40,8,10,0,metro,apartment,semi,13792308.0
2579.0,2,3,26,3,17,3,tier2,independent_house,semi,14651140.0
2793.0,5,5,31,19,21,2,tier1,villa,semi,22741880.0
2884.0,4,5,33,7,8,1,tier1,apartment,unfurnished,13641230.0
2161.0,2,2,39,5,19,0,tier3,apartment,semi,3800046.0
1045.0,5,5,5,5,9,0,tier3,villa,unfurnished,4543144.0
1026.0,4,4,10,4,8,2,tier2,apartment,unfurnished,4588528.0
1034.0,3,4,25,13,25,3,tier1,apartment,fully,6641568.0
2936.0,1,1,33,10,19,0,tier1,villa,fully,22452144.0
3911.0,5,5,31,4,12,1,tier1,apartment,semi,23830593.0
4020.0,4,3,29,18,30,2,tier1,villa,fully,25000000.0
1676.0,4,5,12,13,15,1,tier1,apartment,semi,10827853.0
726.0,5,5,14,8,21,2,metro,apartment,unfurnished,6450206.0
2984.0,4,5,3,10,14,2,metro,apartment,fully,25000000.0
557.0,2,3,12,13,22,3,tier2,apartment,semi,2592038.0
2969.0,2,1,6,3,8,2,tier1,apartment,fully,18744077.0
1970.0,1,1,38,16,21,2,tier3,apartment,semi,4798866.0
3840.0,1,1,3,5,10,1,tier2,studio,semi,13681461.0
2964.0,4,3,14,0,8,0,metro,independent_house,unfurnished,25000000.0
3433.0,5,4,36,10,23,0,metro,apartment,fully,24369024.0
2063.0,1,1,39,18,20,0,metro,villa,unfurnished,18825973.0
3846.0,3,2,15,15,25,3,tier3,villa,semi,17855291.0
2553.0,1,1,19,6,19,0,metro,independent_house,unfurnished,24460002.0
2963.0,3,4,21,8,19,1,tier1,apartment,semi,16613344.0
1878.0,4,3,33,12,26,2,tier3,apartment,unfurnished,4901455.0
2242.0,5,4,31,4,5,2,tier3,apartment,fully,6343481.0
3844.0,5,4,21,17,23,0,metro,apartment,semi,25000000.0
2013.0,2,3,15,6,12,3,metro,apartment,unfurnished,16855771.0
487.0,5,5,15,4,12,1,metro,independent_house,unfurnished,4918967.0
1954.0,4,5,26,1,6,0,metro,studio,unfurnished,12115238.0
2007.0,2,1,34,14,18,0,metro,apartment,semi,14296671.0
2115.0,2,2,3,0,12,3,tier2,villa,fully,17415297.0
689.0,1,1,31,16,20,3,tier3,apartment,unfurnished,1587823.0
930.0,5,5,19,20,30,3,tier1,villa,semi,8982812.0
1728.0,2,1,5,2,3,1,tier2,villa,unfurnished,9740562.0
2138.0,2,2,3,2,8,3,metro,apartment,fully,21710740.0
518.0,3,4,13,19,28,1,tier2,independent_house,fully,3558423.0
1996.0,1,2,10,2,16,0,tier2,studio,fully,6551911.0
1712.0,5,4,4,8,19,3,tier3,independent_house,unfurnished,8550275.0
541.0,4,3,12,18,19,1,tier3,independent_house,semi,2421339.0
1426.0,1,1,34,2,13,2,tier1,villa,fully,11746708.0
1528.0,1,1,29,13,18,2,metro,apartment,unfurnished,10920464.0
988.0,1,1,8,8,21,0,metro,apartment,semi,8985252.0
3482.0,5,5,27,9,20,3,tier1,villa,fully,25000000.0
696.0,3,4,18,19,22,0,tier3,apartment,fully,1938688.0
2769.0,4,5,30,13,19,3,tier1,independent_house,semi,21848615.0
3127.0,1,2,10,6,18,1,tier2,apartment,semi,10356214.0
3705.0,2,1,2,19,30,1,tier1,apartment,fully,25000000.0
2636.0,3,2,12,12,21,1,metro,apartment,unfurnished,22419549.0
2625.0,2,2,40,2,6,2,tier1,studio,fully,9929144.0
3519.0,4,5,22,8,14,0,tier2,apartment,semi,14392402.0
3901.0,5,5,2,5,17,0,tier2,apartment,fully,20353024.0
1264.0,2,2,39,13,22,2,tier1,apartment,fully,5357451.0
3663.0,4,3,33,18,21,2,metro,independent_house,semi,25000000.0
2295.0,5,4,22,0,4,3,tier2,studio,unfurnished,6806114.0
802.0,5,4,30,16,19,3,metro,apartment,unfurnished,5843938.0
2910.0,1,1,7,19,26,3,tier3,studio,fully,7653756.0
4405.0,1,1,24,20,27,3,metro,apartment,semi,25000000.0
976.0,5,5,37,13,21,3,metro,villa,unfurnished,11330715.0
460.0,5,4,17,6,20,1,tier1,apartment,fully,3339804.0
4157.0,2,2,1,3,13,3,tier1,villa,fully,25000000.0
2847.0,3,2,31,19,28,3,tier1,independent_house,fully,22451975.0
1298.0,3,3,29,8,14,2,tier1,villa,semi,12569015.0
3649.0,4,4,30,7,16,0,tier3,apartment,fully,8994074.0
2014.0,4,3,26,15,29,0,tier1,independent_house,fully,14720339.0
1760.0,2,2,5,15,16,1,tier1,studio,unfurnished,7899896.0
1588.0,5,4,4,16,21,2,tier1,villa,fully,20200170.0
2854.0,1,1,32,18,19,2,metro,villa,semi,25000000.0
951.0,1,1,35,18,21,3,tier2,independent_house,fully,4133932.0
1884.0,5,5,3,3,4,2,metro,apartment,fully,16511172.0
1650.0,1,1,23,3,12,2,tier2,independent_house,semi,8958704.0
648.0,5,5,20,4,16,3,metro,apartment,unfurnished,5014489.0
3528.0,2,3,14,13,27,3,tier3,independent_house,unfurnished,12173024.0
434.0,2,2,26,12,16,2,tier1,apartment,unfurnished,1808718.0
4334.0,1,2,37,18,28,2,tier3,apartment,semi,10101491.0
788.0,5,5,33,17,22,0,tier1,villa,fully,7331629.0
1868.0,2,1,6,17,22,2,metro,villa,unfurnished,25000000.0
803.0,1,2,18,1,10,0,tier2,independent_house,unfurnished,3811234.0
1904.0,3,2,38,14,24,1,tier2,studio,semi,3987422.0
2904.0,1,1,9,17,26,2,tier2,apartment,unfurnished,10551724.0
758.0,4,5,35,20,22,0,tier1,apartment,unfurnished,3398344.0
2556.0,1,2,20,7,13,2,tier2,apartment,unfurnished,8579177.0
3564.0,3,3,21,16,20,1,tier3,villa,semi,14863582.0
2267.0,2,3,10,8,9,2,tier2,villa,semi,16220916.0
861.0,1,1,37,3,4,1,tier1,independent_house,fully,6065989.0
3236.0,1,1,21,7,14,1,tier2,independent_house,unfurnished,13234017.0
1164.0,3,2,23,5,7,1,tier2,apartment,unfurnished,4221660.0
468.0,2,3,18,19,30,0,tier3,villa,fully,2162746.0
2190.0,1,2,3,3,4,0,tier1,villa,fully,21095183.0
1511.0,1,2,32,2,6,3,tier1,villa,unfurnished,11180420.0
516.0,5,5,13,12,26,0,tier2,apartment,fully,2551780.0
3587.0,4,3,9,12,22,1,tier1,apartment,fully,25000000.0
2858.0,4,5,32,11,19,0,tier2,apartment,fully,11526491.0
4130.0,5,4,8,3,4,2,tier1,apartment,semi,25000000.0
2369.0,1,2,27,10,11,2,metro,independent_house,unfurnished,20782768.0
2197.0,4,4,19,19,30,1,tier2,apartment,unfurnished,7777305.0
3854.0,4,4,32,1,13,3,metro,villa,fully,25000000.0
734.0,2,2,2,16,30,1,metro,villa,fully,11490833.0
1882.0,3,4,31,2,14,2,tier2,independent_house,semi,8694994.0
3674.0,4,5,9,4,5,1,tier2,apartment,unfurnished,16437672.0
1599.0,4,3,35,18,30,2,tier3,apartment,unfurnished,4007781.0
4029.0,2,2,14,6,13,0,tier1,apartment,semi,22013487.0
1564.0,4,5,0,10,20,1,metro,apartment,fully,15606502.0
2096.0,4,3,19,8,14,2,tier3,apartment,unfurnished,5274196.0
4079.0,1,2,2,12,23,3,metro,independent_house,semi,25000000.0
1397.0,3,2,11,8,20,1,metro,apartment,semi,14203142.0
4369.0,3,3,29,9,23,1,tier1,apartment,fully,23900466.0
580.0,2,3,22,17,25,1,tier1,apartment,fully,3171082.0
1489.0,1,1,29,11,15,1,tier3,independent_house,unfurnished,3867538.0
2823.0,1,1,36,11,20,3,tier2,independent_house,semi,12411013.0
2835.0,4,3,19,16,23,2,tier2,independent_house,fully,16710315.0
4130.0,5,5,22,8,11,1,metro,villa,fully,25000000.0
4335.0,3,4,2,17,28,1,tier1,independent_house,semi,25000000.0
3179.0,5,4,11,15,17,2,tier1,independent_house,unfurnished,24314071.0
3104.0,5,5,29,18,24,2,metro,apartment,semi,25000000.0
1700.0,4,4,2,9,19,1,tier1,villa,semi,19069310.0
3703.0,3,2,14,11,24,3,tier1,independent_house,unfurnished,25000000.0
3035.0,5,5,5,2,11,1,metro,apartment,fully,25000000.0
498.0,4,5,35,2,16,1,tier2,independent_house,unfurnished,2254275.0
3811.0,5,4,23,2,14,0,tier2,villa,fully,25000000.0
1874.0,5,5,26,13,17,1,metro,villa,semi,21695564.0
2350.0,1,1,28,6,18,3,tier1,apartment,unfurnished,9976474.0
2393.0,4,4,9,6,11,3,tier2,independent_house,semi,14899815.0
3760.0,4,5,2,12,21,1,tier2,independent_house,semi,22694348.0
1498.0,5,5,16,8,11,0,tier2,apartment,fully,7099916.0
2006.0,2,1,7,2,10,2,tier1,apartment,semi,11162849.0
560.0,5,5,13,11,21,2,tier2,apartment,unfurnished,2372764.0
1828.0,3,3,13,11,24,3,metro,apartment,fully,17486113.0
762.0,2,2,32,2,16,2,tier1,studio,semi,2918471.0
2790.0,1,2,13,5,17,0,metro,villa,unfurnished,25000000.0
4062.0,2,1,6,4,12,3,tier1,apartment,fully,25000000.0
2305.0,5,5,39,14,27,2,tier1,apartment,unfurnished,10634231.0
4139.0,4,4,2,5,7,3,metro,studio,unfurnished,25000000.0
4406.0,4,4,8,0,14,0,tier2,apartment,semi,19029615.0
620.0,5,5,14,5,8,1,tier1,independent_house,semi,6152839.0
2517.0,2,3,2,9,15,1,tier1,apartment,semi,16140251.0
2565.0,4,3,36,16,29,1,metro,apartment,fully,19324878.0
1979.0,2,1,14,1,12,3,tier1,independent_house,unfurnished,15381124.0
3804.0,5,5,32,18,30,0,tier1,apartment,fully,22153651.0
2019.0,3,2,5,6,16,0,tier1,independent_house,unfurnished,15773008.0
626.0,5,4,21,7,16,0,metro,apartment,unfurnished,4856553.0
2646.0,4,4,5,0,3,3,tier2,independent_house,unfurnished,18396872.0
1227.0,4,5,9,5,19,0,tier3,independent_house,unfurnished,4967953.0
1855.0,5,5,16,9,18,2,tier1,independent_house,semi,18118032.0
2457.0,4,3,35,13,23,0,tier2,apartment,fully,8122028.0
3363.0,2,3,12,16,22,1,tier3,independent_house,fully,12221385.0
1540.0,3,3,30,10,24,2,tier3,studio,semi,2943366.0
1960.0,3,2,3,2,9,0,tier2,apartment,unfurnished,8770027.0
678.0,1,2,10,8,11,0,tier3,apartment,fully,1837924.0
1974.0,3,3,24,15,18,2,tier3,independent_house,unfurnished,6204085.0
2778.0,3,3,19,13,23,0,tier2,apartment,semi,12211646.0
2929.0,2,2,20,12,23,1,tier1,independent_house,semi,23442772.0
1602.0,1,2,27,10,13,2,metro,independent_house,unfurnished,15633590.0
649.0,3,2,3,10,20,0,metro,apartment,semi,5699586.0
2766.0,3,2,28,20,30,0,tier1,villa,fully,23609599.0
3086.0,1,1,35,12,20,1,tier1,villa,unfurnished,22818560.0
749.0,4,3,31,12,26,2,tier1,apartment,semi,4078071.0
2470.0,1,1,11,7,10,0,tier2,independent_house,fully,13337955.0
789.0,1,1,14,10,16,1,tier2,apartment,unfurnished,2682293.0
2257.0,3,2,39,14,22,3,tier2,apartment,unfurnished,7010012.0
3027.0,2,2,32,18,24,1,metro,independent_house,semi,25000000.0
3348.0,5,5,38,16,18,1,metro,apartment,fully,22456077.0
3326.0,1,1,37,13,20,2,tier2,independent_house,semi,15240772.0
3508.0,2,1,17,16,21,1,tier2,apartment,semi,13244008.0
1389.0,4,5,5,0,3,1,tier3,villa,unfurnished,6315685.0
3869.0,2,3,9,5,11,3,tier3,apartment,fully,12347654.0
1833.0,5,5,12,5,11,0,tier3,independent_house,fully,7794827.0
1936.0,4,3,34,13,26,2,tier1,independent_house,semi,13748608.0
3629.0,5,5,11,15,22,1,tier1,independent_house,fully,25000000.0
1740.0,5,4,14,3,9,3,tier1,studio,semi,8700142.0
706.0,1,1,34,4,10,2,tier2,independent_house,fully,3749642.0
3328.0,3,2,6,10,19,3,tier3,independent_house,unfurnished,13448341.0
3114.0,4,5,27,20,24,0,tier1,villa,unfurnished,24980859.0
2785.0,1,1,22,0,13,0,tier2,studio,fully,7379738.0
987.0,3,3,40,18,24,3,tier1,villa,semi,7627765.0
2990.0,4,3,20,4,10,1,metro,independent_house,unfurnished,25000000.0
1213.0,4,3,21,5,6,3,metro,apartment,fully,12008726.0
2677.0,3,3,34,13,26,2,metro,villa,semi,25000000.0
2482.0,5,5,40,15,22,1,tier3,independent_house,unfurnished,5937950.0
3568.0,4,3,29,18,20,0,tier1,apartment,unfurnished,17785169.0
4403.0,1,1,28,0,3,0,tier2,apartment,semi,14182152.0
1179.0,2,1,35,1,7,2,tier2,studio,unfurnished,2678456.0
870.0,5,5,40,10,21,0,metro,apartment,unfurnished,5873548.0
2678.0,1,1,30,11,13,0,metro,apartment,semi,13773087.0
4303.0,1,1,11,5,7,0,tier2,apartment,fully,20378214.0
1048.0,2,2,26,13,21,3,tier1,apartment,semi,6372832.0
2398.0,5,4,9,5,12,2,tier3,villa,unfurnished,11056480.0
2069.0,4,3,20,19,30,2,metro,studio,semi,12866469.0
1703.0,1,1,18,3,14,2,tier2,studio,unfurnished,4834602.0
3122.0,2,2,40,13,23,2,tier2,independent_house,unfurnished,13187792.0
1611.0,5,4,22,11,16,1,metro,independent_house,unfurnished,16214203.0
2421.0,2,3,39,2,11,1,tier1,apartment,semi,9703051.0
3866.0,3,2,33,12,21,2,tier3,independent_house,unfurnished,13704020.0
1956.0,3,4,34,3,7,3,tier1,apartment,semi,11255668.0
486.0,4,3,6,11,17,3,tier1,apartment,semi,3562788.0
4028.0,4,3,31,13,27,2,tier1,studio,fully,18142102.0
1525.0,5,4,10,1,9,3,tier1,independent_house,semi,15641672.0
3568.0,1,2,23,4,11,3,tier2,apartment,fully,15501635.0
3527.0,3,3,19,6,18,2,tier2,independent_house,semi,16629032.0
2557.0,4,5,10,19,23,3,tier1,villa,unfurnished,25000000.0
760.0,3,2,40,4,8,0,tier2,apartment,unfurnished,2150480.0
4295.0,4,3,35,19,30,0,metro,apartment,unfurnished,25000000.0
3191.0,4,3,23,11,23,1,metro,apartment,unfurnished,25000000.0
2139.0,2,2,0,19,25,0,tier2,villa,unfurnished,12210198.0
3900.0,1,1,7,17,30,1,tier3,apartment,unfurnished,9042867.0
3631.0,5,5,9,6,12,0,metro,villa,semi,25000000.0
3517.0,5,5,39,11,21,3,metro,apartment,semi,25000000.0
1088.0,5,4,16,15,16,2,tier1,studio,unfurnished,5376207.0
2994.0,2,2,1,1,11,0,tier2,villa,semi,24159935.0
1571.0,2,2,24,13,16,2,metro,independent_house,unfurnished,14781150.0
721.0,2,3,38,9,13,2,tier1,apartment,semi,3684907.0
1786.0,1,1,22,0,12,1,tier2,villa,semi,10882105.0
826.0,1,1,18,18,21,3,tier1,independent_house,unfurnished,6287289.0
833.0,2,1,7,5,12,3,metro,apartment,unfurnished,7124342.0
3380.0,5,5,36,18,30,3,metro,apartment,fully,25000000.0
2457.0,2,3,4,4,18,0,tier1,apartment,semi,14132918.0
2031.0,3,3,38,11,18,1,tier1,apartment,semi,8920323.0
1188.0,3,2,9,7,9,3,tier3,apartment,unfurnished,3555528.0
3560.0,2,1,5,18,23,1,tier2,apartment,unfurnished,14594164.0
3000.0,5,4,14,20,29,1,tier2,apartment,unfurnished,12273349.0
2800.0,1,2,0,16,21,1,tier3,villa,fully,14940037.0
1179.0,5,4,0,17,28,1,tier1,apartment,unfurnished,7985515.0
906.0,4,4,7,16,30,2,tier1,apartment,unfurnished,5428891.0
906.0,2,2,28,6,15,0,tier3,independent_house,fully,2965424.0
502.0,4,3,33,19,28,3,metro,apartment,semi,4145973.0
4373.0,3,4,10,11,19,2,tier2,apartment,unfurnished,16907606.0
1907.0,5,5,26,7,10,0,tier2,apartment,semi,7673326.0
3098.0,1,2,14,4,13,3,metro,apartment,semi,25000000.0
4427.0,1,2,17,14,28,2,tier1,villa,fully,25000000.0
4239.0,3,4,13,5,15,1,metro,apartment,unfurnished,25000000.0
1714.0,5,5,36,13,24,1,metro,apartment,fully,11694250.0
2408.0,1,1,20,1,14,2,tier1,studio,unfurnished,9395540.0
2298.0,4,5,20,13,19,0,tier1,studio,fully,9581419.0
536.0,5,5,35,13,18,2,tier2,apartment,fully,2363317.0
3550.0,3,2,26,11,25,2,tier3,apartment,fully,9794194.0
2754.0,5,5,6,13,20,1,tier2,villa,fully,21937824.0
1922.0,4,4,7,20,30,1,tier1,independent_house,semi,19236648.0
2689.0,2,1,13,17,26,2,tier1,independent_house,unfurnished,19025602.0
3415.0,5,5,4,9,11,2,tier1,apartment,unfurnished,22017068.0
461.0,4,5,28,18,23,1,metro,apartment,unfurnished,2813616.0
3048.0,1,1,20,20,25,3,tier3,apartment,semi,8901162.0
3931.0,3,3,1,3,6,3,tier1,independent_house,unfurnished,25000000.0
3378.0,4,5,16,7,18,1,metro,independent_house,semi,25000000.0
2941.0,5,5,34,15,29,2,tier2,apartment,semi,10600326.0
771.0,4,5,37,10,24,3,tier1,villa,fully,7071979.0
3453.0,3,3,39,2,5,0,metro,apartment,semi,21244750.0
3477.0,2,1,37,9,16,2,metro,independent_house,fully,25000000.0
2425.0,1,2,24,7,11,3,tier2,studio,semi,6871552.0
2788.0,1,1,38,15,16,0,tier2,villa,fully,14783559.0
2935.0,4,3,39,10,19,1,metro,apartment,fully,19750178.0
896.0,5,5,26,2,15,3,tier3,villa,unfurnished,3876183.0
1455.0,1,2,16,1,3,3,tier3,apartment,unfurnished,3366821.0
3648.0,4,5,39,6,15,3,tier2,independent_house,fully,18369650.0
4392.0,3,4,17,3,4,2,metro,apartment,semi,25000000.0
1507.0,1,1,6,18,30,0,metro,independent_house,fully,17284197.0
2042.0,2,3,4,5,6,0,tier3,apartment,fully,6021215.0
4152.0,2,2,23,13,20,3,tier1,apartment,semi,25000000.0
1065.0,4,3,1,2,4,2,tier2,apartment,fully,5732593.0
1470.0,2,2,4,9,15,0,tier2,apartment,fully,6880844.0
629.0,5,4,10,19,26,0,metro,apartment,fully,6146937.0
1362.0,2,2,21,13,21,0,tier2,independent_house,unfurnished,5285134.0
3008.0,1,1,19,6,18,3,tier3,apartment,unfurnished,6245106.0
1827.0,1,1,20,15,29,3,tier2,apartment,unfurnished,6536632.0
4431.0,3,4,20,10,15,3,tier1,apartment,semi,25000000.0
4055.0,3,3,40,4,17,0,tier3,apartment,fully,8957332.0
4072.0,4,5,8,20,26,2,tier1,independent_house,fully,25000000.0
3378.0,3,3,19,19,21,3,tier2,studio,semi,10711403.0
3278.0,1,1,25,11,20,2,tier2,apartment,unfurnished,10854621.0
2489.0,2,3,11,0,11,3,tier2,independent_house,semi,15644971.0
4461.0,3,2,7,8,13,2,tier1,independent_house,fully,25000000.0
791.0,2,3,1,10,19,0,metro,studio,semi,5058860.0
3363.0,4,3,13,19,26,1,metro,apartment,unfurnished,25000000.0
975.0,5,5,10,15,18,1,tier1,apartment,unfurnished,6310959.0
1790.0,2,2,8,4,10,0,tier1,villa,semi,18005193.0
1448.0,3,3,11,10,16,2,tier2,independent_house,semi,9978447.0
2864.0,5,4,28,3,8,3,tier1,independent_house,fully,25000000.0
3627.0,2,2,33,9,22,0,tier2,villa,fully,22365445.0
727.0,3,3,21,11,17,1,tier3,apartment,unfurnished,1627097.0
2866.0,2,3,2,10,19,2,metro,independent_house,unfurnished,25000000.0
1308.0,4,5,30,8,9,1,tier2,independent_house,unfurnished,5125864.0
715.0,4,4,6,9,14,0,tier2,apartment,unfurnished,3081189.0
2111.0,1,1,2,16,29,0,tier1,independent_house,semi,18450195.0
2783.0,1,1,23,10,23,0,metro,apartment,unfurnished,14488940.0
1227.0,1,1,17,0,14,3,tier2,villa,unfurnished,7377732.0
1998.0,1,1,12,15,16,1,tier3,villa,fully,9592987.0
4309.0,1,1,39,12,25,3,tier2,independent_house,unfurnished,18258247.0
1821.0,4,5,3,14,18,2,tier3,studio,fully,4381380.0
4481.0,5,4,2,14,15,1,tier3,apartment,unfurnished,14874838.0
3820.0,3,3,24,3,5,3,tier1,apartment,unfurnished,21000770.0
1920.0,5,5,17,20,30,1,tier2,apartment,unfurnished,8279221.0
2764.0,4,4,32,20,29,0,tier1,apartment,unfurnished,13151245.0
3307.0,5,5,1,3,12,3,tier3,apartment,unfurnished,11365673.0
2305.0,4,5,17,4,17,2,metro,apartment,fully,23642427.0
2071.0,1,1,6,5,7,1,tier1,apartment,fully,13305504.0
1751.0,3,3,1,20,22,2,tier3,apartment,unfurnished,5421041.0
971.0,3,2,18,19,30,3,tier1,apartment,unfurnished,6216067.0
502.0,4,4,30,5,14,1,tier2,independent_house,unfurnished,2347386.0
1781.0,4,3,6,13,24,3,tier1,apartment,fully,12494022.0
3662.0,1,2,34,5,13,3,tier3,villa,unfurnished,13101024.0
1356.0,4,4,21,0,3,3,tier3,studio,unfurnished,3005540.0
1136.0,5,4,19,4,12,0,tier1,villa,fully,13067184.0
1745.0,1,1,37,1,15,0,tier2,apartment,fully,5988913.0
2855.0,3,3,13,17,19,0,tier1,apartment,semi,14000858.0
1281.0,5,5,8,16,18,2,tier2,villa,unfurnished,8929997.0
1303.0,1,1,32,3,8,1,tier2,villa,unfurnished,6106586.0
860.0,1,1,4,11,18,3,tier2,apartment,unfurnished,3651588.0
1762.0,5,4,35,4,13,0,metro,apartment,semi,14390790.0
1291.0,1,1,33,11,14,1,metro,villa,fully,13193193.0
3807.0,4,4,40,18,30,1,tier2,apartment,unfurnished,14064728.0
4113.0,5,5,18,18,21,3,tier2,villa,fully,25000000.0
1919.0,3,2,25,17,20,0,tier1,apartment,semi,9707385.0
749.0,3,2,36,5,19,1,metro,apartment,fully,5824412.0
758.0,3,3,5,4,10,3,tier1,independent_house,unfurnished,7172876.0
1731.0,2,3,12,3,12,3,tier3,apartment,unfurnished,4981160.0
2300.0,2,3,19,2,9,3,metro,villa,unfurnished,25000000.0
2566.0,3,2,25,12,16,2,tier1,apartment,semi,15247133.0
1646.0,5,5,27,13,21,0,tier3,apartment,unfurnished,3651292.0
1853.0,5,5,37,18,29,0,metro,studio,unfurnished,8475994.0
1563.0,5,5,20,1,2,1,tier2,apartment,fully,7140652.0
2522.0,1,1,7,5,18,1,tier1,apartment,semi,14333043.0
3257.0,2,1,7,15,18,2,tier3,studio,semi,7945523.0
578.0,4,5,32,14,27,0,tier2,independent_house,semi,2674492.0
2362.0,3,2,18,8,22,2,tier3,independent_house,semi,8837064.0
3059.0,2,1,25,3,17,1,metro,apartment,semi,21074868.0
3157.0,2,1,23,10,20,0,tier1,apartment,unfurnished,16780824.0
2710.0,1,2,33,3,16,3,tier2,villa,unfurnished,13204920.0
2553.0,2,3,8,11,24,1,metro,apartment,semi,24160268.0
3191.0,3,2,6,18,27,0,metro,apartment,unfurnished,25000000.0
1951.0,3,4,30,4,17,1,metro,independent_house,semi,18545088.0
2725.0,3,4,17,2,7,3,tier3,apartment,semi,7997952.0
1709.0,2,2,33,15,27,3,tier2,apartment,unfurnished,5492674.0
2195.0,2,2,5,0,13,0,tier2,apartment,fully,10324696.0
908.0,5,4,11,20,29,2,tier2,apartment,semi,4317912.0
1835.0,3,2,39,16,18,2,tier1,villa,semi,13942236.0
982.0,2,3,34,8,11,3,tier1,independent_house,fully,7303298.0
1328.0,4,3,2,7,10,3,tier1,apartment,unfurnished,8037019.0
2119.0,3,3,33,8,16,2,tier2,apartment,unfurnished,7095473.0
2450.0,3,3,2,8,15,2,metro,villa,unfurnished,25000000.0
4262.0,2,1,4,17,29,1,tier3,apartment,semi,12880848.0
506.0,4,5,36,16,20,3,tier2,villa,unfurnished,3024076.0
4084.0,1,2,5,4,7,3,tier1,studio,fully,20704185.0
1745.0,5,5,12,3,12,3,tier2,villa,unfurnished,12260992.0
3369.0,3,3,5,11,13,3,metro,apartment,semi,25000000.0
3179.0,3,2,24,13,26,2,tier3,studio,semi,6143001.0
4380.0,2,1,2,15,17,3,tier3,apartment,unfurnished,15092299.0
845.0,3,3,11,6,13,3,tier3,studio,semi,2001941.0
4365.0,4,5,13,10,24,0,tier1,villa,semi,25000000.0
657.0,3,2,26,2,10,0,metro,villa,fully,7603336.0
3996.0,1,2,20,9,21,3,metro,studio,semi,20727485.0
3073.0,3,2,7,14,20,1,metro,villa,semi,25000000.0
2375.0,2,3,19,6,17,3,metro,apartment,semi,20944140.0
2030.0,1,1,18,6,16,1,metro,apartment,semi,14972356.0
783.0,5,5,14,9,17,1,tier3,independent_house,unfurnished,2753546.0
3687.0,2,2,21,18,20,3,metro,villa,semi,25000000.0
3384.0,3,3,13,12,26,2,metro,apartment,unfurnished,25000000.0
4242.0,1,1,13,19,20,2,tier2,independent_house,semi,23401020.0
3394.0,2,2,32,1,6,1,tier2,villa,unfurnished,16458895.0
4323.0,2,3,10,17,26,2,tier2,apartment,fully,19689904.0
4035.0,1,1,13,0,11,1,tier2,apartment,unfurnished,17222453.0
2144.0,5,5,5,6,14,3,tier3,apartment,unfurnished,7595155.0
3285.0,2,2,28,8,14,1,tier2,apartment,unfurnished,12217819.0
1483.0,3,4,28,4,10,0,tier1,apartment,unfurnished,6172018.0
3660.0,3,4,27,20,30,2,tier2,apartment,unfurnished,12975712.0
2895.0,3,2,6,18,23,3,tier1,apartment,semi,19193133.0
2205.0,3,2,18,11,23,3,tier1,apartment,unfurnished,13391066.0
2975.0,3,4,11,9,10,0,tier1,independent_house,unfurnished,24783915.0
1536.0,1,1,31,15,25,3,metro,apartment,unfurnished,10360638.0
2951.0,4,4,13,14,24,1,tier2,studio,unfurnished,8497734.0
2346.0,1,2,17,10,20,3,tier1,studio,fully,10453411.0
1719.0,3,3,18,17,23,2,metro,villa,unfurnished,22623417.0
4399.0,2,1,31,4,14,3,metro,studio,fully,25000000.0
661.0,3,2,28,5,12,1,tier2,independent_house,semi,3363858.0
3506.0,1,2,33,0,9,2,tier1,apartment,semi,16948508.0
1261.0,4,5,17,2,15,2,tier2,independent_house,fully,8051081.0
1312.0,3,3,33,4,14,0,tier3,apartment,unfurnished,2839753.0
1033.0,1,1,35,13,24,3,metro,independent_house,fully,10671733.0
819.0,1,2,21,17,30,0,tier2,villa,semi,4959484.0
907.0,3,4,27,12,16,3,tier1,apartment,unfurnished,4843724.0
3813.0,4,4,37,9,18,0,metro,apartment,fully,25000000.0
4197.0,3,3,34,5,15,0,tier2,studio,unfurnished,9826479.0
2797.0,4,5,11,2,12,1,tier3,apartment,fully,8446687.0
456.0,4,5,29,12,14,0,tier1,apartment,fully,2436740.0
3944.0,5,5,18,2,13,0,tier2,apartment,unfurnished,16299835.0
2867.0,5,5,6,16,19,0,tier1,villa,unfurnished,25000000.0
2535.0,5,4,15,8,14,1,tier2,independent_house,fully,17579198.0
4284.0,4,5,40,7,17,1,tier2,independent_house,unfurnished,18042297.0
2080.0,3,2,39,0,4,0,tier2,apartment,semi,6972144.0
1876.0,3,2,32,5,7,0,tier2,apartment,unfurnished,6334329.0
3597.0,4,4,40,0,10,2,metro,apartment,unfurnished,24270359.0
2561.0,1,1,23,15,19,1,tier2,villa,semi,14346031.0
3339.0,4,4,31,10,22,3,tier2,independent_house,semi,18430938.0
3252.0,3,4,6,16,29,3,tier2,independent_house,semi,22500397.0
3841.0,3,4,12,11,16,0,metro,apartment,semi,25000000.0
1700.0,5,5,7,20,30,3,tier1,villa,unfurnished,21250619.0
695.0,4,4,38,16,20,2,tier1,apartment,semi,4225965.0
2358.0,5,5,25,3,17,3,metro,villa,unfurnished,25000000.0
3054.0,5,4,38,2,6,1,metro,villa,unfurnished,25000000.0
3750.0,5,5,17,18,30,0,tier1,independent_house,unfurnished,25000000.0
1494.0,2,1,16,5,17,3,tier2,villa,semi,9953318.0
3455.0,1,1,27,16,21,2,metro,studio,unfurnished,17117561.0
3812.0,2,3,23,13,25,0,tier2,apartment,unfurnished,13951983.0
3714.0,4,5,15,14,23,0,tier1,apartment,semi,21027964.0
3713.0,5,5,13,5,15,0,tier2,apartment,unfurnished,14086236.0
4448.0,5,4,21,6,12,1,tier1,villa,fully,25000000.0
3110.0,4,5,3,11,15,1,tier1,villa,unfurnished,25000000.0
1918.0,4,5,7,0,10,1,tier2,villa,unfurnished,12177244.0
2189.0,5,5,1,6,7,3,tier3,independent_house,fully,11129977.0
3463.0,4,3,6,10,15,3,tier1,apartment,semi,24858121.0
1369.0,1,1,8,4,6,2,tier1,independent_house,fully,11224895.0
2871.0,3,3,3,6,7,2,tier2,independent_house,semi,15050620.0
2748.0,2,3,2,20,21,3,tier2,apartment,unfurnished,11265215.0
3133.0,4,5,33,6,8,1,metro,apartment,semi,23423402.0
2127.0,4,3,7,18,30,2,tier1,apartment,semi,15427306.0
3433.0,2,1,22,19,30,2,tier1,apartment,semi,20248469.0
692.0,2,3,4,14,28,1,tier3,independent_house,unfurnished,2711786.0
3473.0,1,1,38,3,5,3,tier1,studio,unfurnished,10871777.0
3728.0,2,2,9,4,18,0,tier1,villa,unfurnished,25000000.0
4031.0,5,4,30,19,28,0,tier3,apartment,fully,11192971.0
4183.0,4,4,26,0,12,1,tier1,independent_house,unfurnished,25000000.0
1832.0,5,5,31,10,23,3,metro,independent_house,fully,23138158.0
590.0,5,4,25,12,16,1,metro,apartment,unfurnished,4635906.0
3079.0,5,5,20,17,28,0,metro,independent_house,semi,25000000.0
769.0,1,1,31,18,28,3,metro,apartment,unfurnished,4866791.0
1549.0,2,1,33,5,11,0,tier1,apartment,semi,8038231.0
3280.0,1,2,15,10,17,0,tier2,apartment,fully,15476580.0
2837.0,1,2,38,13,16,3,tier2,apartment,semi,9360679.0
2887.0,2,2,40,20,23,1,metro,independent_house,unfurnished,23641912.0
3479.0,2,1,29,11,24,0,tier2,apartment,semi,11121379.0
1075.0,1,1,38,2,13,1,metro,apartment,unfurnished,6622353.0
3643.0,5,5,4,19,27,2,tier3,apartment,semi,13576941.0
2804.0,3,3,22,10,20,3,metro,apartment,semi,22561470.0
2122.0,4,4,26,3,9,0,tier2,apartment,unfurnished,7869058.0
2301.0,4,5,38,3,7,1,tier1,apartment,semi,11767238.0
2485.0,5,4,4,4,18,2,tier2,independent_house,semi,17738125.0
2656.0,1,1,33,15,29,2,tier1,apartment,unfurnished,12781206.0
1768.0,2,1,3,19,23,2,tier2,independent_house,unfurnished,10709069.0
1314.0,2,1,14,9,21,1,metro,apartment,semi,10689541.0
1093.0,3,4,28,2,9,3,tier3,independent_house,fully,4407438.0
1796.0,3,4,11,18,28,0,tier1,independent_house,semi,16220972.0
1468.0,4,4,34,13,15,3,tier2,apartment,semi,5377285.0
2516.0,3,4,38,11,18,3,tier2,apartment,unfurnished,8241265.0
4139.0,2,1,6,1,3,2,tier3,studio,unfurnished,7465632.0
843.0,3,2,10,20,30,1,metro,villa,unfurnished,11553931.0
1666.0,5,5,3,1,7,1,tier1,villa,unfurnished,19660694.0
601.0,3,3,29,12,16,1,tier1,apartment,unfurnished,2904364.0
4396.0,3,3,36,12,22,0,tier1,apartment,unfurnished,19731495.0
3273.0,1,2,24,10,24,0,tier2,villa,semi,18001465.0
1390.0,1,1,5,11,16,2,tier3,independent_house,semi,5343631.0
2098.0,2,3,7,8,19,2,tier3,apartment,unfurnished,5936087.0
3364.0,1,2,1,12,22,1,tier1,independent_house,semi,25000000.0
4326.0,3,3,20,7,14,1,tier2,independent_house,unfurnished,21408908.0
2753.0,5,5,29,9,21,0,tier3,apartment,unfurnished,6049604.0
1510.0,3,2,6,14,16,3,tier3,apartment,fully,5431953.0
3257.0,4,3,34,15,28,3,metro,apartment,semi,25000000.0
3211.0,5,4,10,3,9,0,tier1,apartment,unfurnished,19061405.0
3040.0,4,5,21,20,21,1,tier2,villa,unfurnished,18697796.0
588.0,4,3,27,2,16,2,tier1,apartment,semi,3349165.0
3297.0,4,3,22,5,16,0,tier1,apartment,unfurnished,19156904.0
480.0,2,1,19,7,19,0,tier3,independent_house,fully,1692365.0
4112.0,3,2,13,6,9,3,tier3,villa,semi,20992861.0
4016.0,2,1,17,7,18,0,tier3,villa,unfurnished,14542270.0
2710.0,4,3,9,6,16,2,tier2,villa,semi,21944372.0
3048.0,3,4,12,9,22,3,tier1,apartment,semi,21911227.0
678.0,5,5,30,16,22,2,tier1,independent_house,semi,5783818.0
3985.0,1,1,36,17,30,1,tier1,apartment,fully,21756425.0
1510.0,1,2,34,7,17,0,tier2,apartment,fully,5187702.0
1474.0,4,4,13,5,9,2,tier1,apartment,unfurnished,9939716.0
3303.0,4,5,13,14,17,1,tier2,villa,unfurnished,24647733.0
4249.0,4,5,2,1,14,3,tier1,villa,unfurnished,25000000.0
2425.0,2,1,11,9,19,2,tier2,apartment,semi,10033921.0
2480.0,1,1,24,4,6,0,tier1,independent_house,semi,14897010.0
2649.0,2,3,10,12,14,1,tier1,independent_house,unfurnished,22112796.0
1593.0,3,2,30,1,13,2,metro,apartment,fully,11207758.0
2845.0,3,3,2,17,20,2,metro,independent_house,unfurnished,25000000.0
4340.0,5,5,16,5,9,2,tier3,apartment,fully,12980339.0
1968.0,5,4,11,10,19,0,tier1,studio,fully,8906837.0
3569.0,4,3,20,12,25,0,metro,apartment,unfurnished,25000000.0
3572.0,1,1,1,9,14,0,tier2,apartment,unfurnished,12975728.0
3888.0,1,2,17,9,19,2,tier2,apartment,unfurnished,12347399.0
3366.0,3,4,32,5,15,0,metro,apartment,fully,24789491.0
4177.0,4,4,35,16,25,3,tier1,independent_house,unfurnished,25000000.0
3328.0,4,3,10,10,20,1,metro,villa,fully,25000000.0
4402.0,2,1,17,4,8,1,tier2,apartment,semi,16611465.0
3332.0,1,1,28,5,14,0,tier1,villa,semi,25000000.0
3831.0,2,1,19,9,10,1,metro,independent_house,fully,25000000.0
4050.0,4,4,22,17,28,3,metro,independent_house,semi,25000000.0
4431.0,5,5,14,20,30,0,tier2,villa,semi,25000000.0
2841.0,5,4,34,8,20,2,metro,apartment,semi,25000000.0
3311.0,3,3,25,8,9,0,tier2,apartment,unfurnished,11151552.0
4364.0,1,2,39,2,15,0,metro,independent_house,unfurnished,25000000.0
1958.0,5,5,31,11,18,2,tier2,independent_house,unfurnished,9565676.0
888.0,1,2,15,5,7,2,tier1,villa,semi,8419182.0
4025.0,2,3,13,17,25,2,tier1,independent_house,unfurnished,25000000.0
2991.0,5,5,3,11,20,0,metro,apartment,semi,25000000.0
2156.0,3,2,25,4,10,0,tier2,independent_house,unfurnished,11834272.0
3339.0,1,2,30,19,30,1,tier3,apartment,semi,6511947.0
533.0,3,3,14,17,25,0,metro,apartment,fully,4510170.0
2356.0,1,1,0,6,10,3,metro,villa,semi,25000000.0
1488.0,2,1,33,2,11,1,tier3,apartment,fully,3450745.0
1581.0,5,5,9,5,9,2,tier1,studio,unfurnished,8287422.0
4374.0,2,1,23,7,9,0,metro,apartment,unfurnished,25000000.0
2655.0,5,4,2,8,12,2,metro,independent_house,semi,25000000.0
975.0,3,2,2,17,30,0,tier2,independent_house,unfurnished,6449085.0
1895.0,4,4,36,20,29,1,tier2,independent_house,semi,9303676.0
1394.0,4,3,27,15,20,1,tier2,studio,fully,3735872.0
4127.0,3,3,0,17,23,0,tier3,apartment,unfurnished,11215282.0
1594.0,1,1,4,2,15,0,tier1,apartment,fully,12074878.0
1862.0,5,5,20,3,13,3,tier1,apartment,unfurnished,10104542.0
1770.0,3,4,27,19,30,1,tier1,apartment,semi,10011238.0
1120.0,4,4,17,12,21,2,tier1,independent_house,unfurnished,7146306.0
3598.0,3,3,35,4,18,2,metro,villa,semi,25000000.0
2763.0,4,3,26,16,26,2,metro,apartment,unfurnished,22220975.0
2191.0,2,1,25,3,9,2,tier1,apartment,fully,12888437.0
2023.0,5,5,11,16,20,3,tier2,villa,fully,16604597.0
3133.0,2,2,27,18,19,2,metro,independent_house,semi,25000000.0
793.0,4,3,35,10,21,1,tier1,apartment,semi,3447782.0
4220.0,3,3,2,13,27,1,tier2,independent_house,semi,25000000.0
2715.0,3,2,30,15,25,3,tier2,villa,semi,16402611.0
1333.0,1,1,36,18,25,1,tier2,independent_house,semi,5019365.0
2605.0,2,2,17,12,14,2,tier2,apartment,semi,10755099.0
3893.0,1,1,31,6,16,3,tier2,villa,fully,24638317.0
1110.0,3,3,14,4,7,0,metro,apartment,semi,9046300.0
2547.0,4,5,7,7,16,0,tier1,apartment,unfurnished,15677007.0
2850.0,3,2,33,1,6,0,tier2,independent_house,fully,14105449.0
3721.0,4,3,12,14,27,0,metro,villa,unfurnished,25000000.0
2726.0,2,2,31,7,21,2,metro,apartment,unfurnished,18175082.0
3419.0,2,3,12,14,18,2,metro,independent_house,fully,25000000.0
3571.0,3,4,16,1,6,1,tier1,apartment,unfurnished,21661634.0
4053.0,2,3,28,6,19,0,tier1,villa,unfurnished,25000000.0
1882.0,5,4,13,8,9,2,metro,studio,semi,12673870.0
3285.0,5,5,33,1,9,0,tier2,villa,fully,21630392.0
1419.0,3,4,1,17,19,2,tier3,independent_house,unfurnished,6014930.0
3861.0,4,4,0,12,19,3,metro,villa,semi,25000000.0
4300.0,1,1,3,17,18,1,tier3,independent_house,unfurnished,15020493.0
1606.0,1,1,10,16,18,1,metro,independent_house,semi,18761982.0
2700.0,2,2,2,0,6,2,tier3,independent_house,unfurnished,11486970.0
3771.0,2,3,15,18,19,0,tier3,apartment,unfurnished,7877047.0
511.0,2,1,1,1,13,2,metro,independent_house,fully,7858815.0
3290.0,3,3,31,18,27,1,tier2,apartment,semi,12991450.0
3764.0,4,5,6,14,21,1,tier3,studio,fully,9642844.0
3972.0,3,3,39,17,24,0,tier3,apartment,fully,8872976.0
1206.0,3,4,35,10,22,3,tier3,apartment,fully,3231323.0
3504.0,1,1,28,3,15,1,tier2,independent_house,semi,15534592.0
3622.0,2,1,32,3,4,0,metro,apartment,unfurnished,22123256.0
411.0,5,5,31,2,12,3,tier2,apartment,fully,1580974.0
3291.0,5,4,34,16,23,3,tier2,independent_house,semi,15162028.0
2967.0,1,1,22,11,22,2,tier2,apartment,unfurnished,12330328.0
4372.0,1,1,25,4,16,0,tier1,apartment,unfurnished,20360209.0
576.0,5,5,19,2,12,3,tier2,villa,unfurnished,4005511.0
4358.0,1,1,25,1,11,0,metro,apartment,semi,25000000.0
2742.0,3,3,15,5,8,0,tier2,apartment,fully,11189267.0
1525.0,5,5,5,15,27,2,metro,apartment,semi,15127678.0
1988.0,4,4,38,18,28,1,tier2,apartment,unfurnished,6420510.0
3542.0,3,3,28,12,16,0,tier2,apartment,unfurnished,11682453.0
4483.0,2,3,28,20,24,2,tier1,apartment,fully,23971608.0
1699.0,4,4,11,8,16,1,tier1,villa,semi,18499822.0
4433.0,4,5,31,6,11,3,tier1,villa,semi,25000000.0
2979.0,5,5,21,14,24,0,tier3,apartment,fully,9068062.0
1187.0,3,3,3,2,8,3,tier2,apartment,fully,6624677.0
2850.0,5,5,39,19,22,2,tier1,independent_house,semi,19975854.0
3687.0,4,4,40,16,22,0,metro,villa,semi,25000000.0
623.0,1,2,35,0,12,2,metro,apartment,unfurnished,4181719.0
723.0,2,2,19,3,15,3,tier1,villa,fully,6837416.0
421.0,4,4,9,13,18,0,tier3,apartment,semi,1069516.0
2738.0,1,1,0,15,27,3,tier2,independent_house,semi,18223322.0
636.0,4,4,30,4,6,1,metro,studio,unfurnished,3171857.0
4221.0,2,2,36,15,29,3,tier3,studio,semi,6731133.0
924.0,2,1,4,9,20,0,tier1,apartment,unfurnished,5760763.0
693.0,3,3,28,14,15,2,tier3,apartment,semi,1751799.0
1456.0,5,5,1,8,18,3,metro,apartment,semi,14143115.0
3529.0,5,5,31,9,16,1,tier2,apartment,fully,16795113.0
4118.0,3,3,1,8,21,0,tier3,apartment,unfurnished,10244889.0
1429.0,1,1,39,3,7,1,tier1,villa,fully,10717164.0
2526.0,5,4,6,3,16,2,tier2,apartment,unfurnished,10011159.0
3572.0,5,5,16,3,16,2,tier3,studio,semi,8427603.0
3667.0,4,4,28,16,20,1,metro,apartment,unfurnished,24872755.0
1026.0,4,5,34,8,15,3,metro,apartment,unfurnished,7759894.0
3837.0,3,3,14,7,16,2,tier2,independent_house,fully,24179524.0
3955.0,1,1,40,17,21,2,tier1,independent_house,unfurnished,24699036.0
3413.0,1,1,0,18,30,3,metro,apartment,fully,25000000.0
2561.0,1,2,19,4,7,3,tier1,villa,unfurnished,19121125.0
2004.0,5,4,40,7,11,1,tier2,apartment,semi,7146865.0
4046.0,1,1,11,8,16,1,tier1,apartment,unfurnished,21568478.0
3941.0,3,3,21,17,24,2,tier1,villa,semi,25000000.0
2524.0,2,2,18,14,15,2,tier2,apartment,fully,10040929.0
3442.0,1,1,16,11,24,1,tier1,villa,semi,25000000.0
2039.0,5,4,31,4,8,2,tier2,apartment,unfurnished,8455647.0
3446.0,1,2,21,8,10,2,tier1,independent_house,fully,25000000.0
766.0,5,4,29,0,8,3,tier3,independent_house,semi,2748546.0
4096.0,4,5,21,14,27,1,tier2,apartment,unfurnished,16290317.0
2513.0,4,4,40,19,20,3,metro,apartment,semi,15058292.0
2854.0,1,1,19,16,23,0,tier3,apartment,semi,6671499.0
1176.0,5,5,32,6,19,3,tier1,independent_house,fully,10212349.0
2567.0,3,2,25,10,23,0,metro,independent_house,unfurnished,24260386.0
412.0,3,4,32,20,23,3,metro,independent_house,semi,4025675.0
4049.0,4,3,36,8,17,0,tier2,apartment,fully,14782319.0
3470.0,2,2,9,17,29,3,metro,apartment,semi,25000000.0
2263.0,2,1,12,12,22,3,tier1,villa,semi,23158722.0
3826.0,2,2,12,10,20,3,metro,apartment,fully,25000000.0
3727.0,3,3,19,12,23,3,tier1,independent_house,unfurnished,25000000.0
888.0,4,3,20,4,11,1,tier1,apartment,unfurnished,5166411.0
620.0,2,3,0,8,9,0,tier1,apartment,fully,4876394.0
1439.0,2,1,36,6,15,3,tier1,villa,semi,12375606.0
405.0,5,4,35,15,24,2,metro,villa,fully,5995752.0
2749.0,3,3,24,12,24,3,tier2,villa,semi,17095066.0
2565.0,5,4,12,8,21,2,tier1,apartment,unfurnished,14333570.0
2605.0,2,2,33,17,22,2,tier2,studio,unfurnished,6275770.0
701.0,2,3,11,9,23,1,metro,independent_house,unfurnished,7269758.0
4164.0,2,1,12,20,21,1,metro,independent_house,fully,25000000.0
4403.0,3,3,40,12,26,1,metro,villa,unfurnished,25000000.0
2821.0,4,3,37,18,20,2,tier1,villa,semi,23352153.0
422.0,3,2,23,20,30,2,tier1,villa,semi,4061786.0
2023.0,2,1,6,6,16,0,tier2,apartment,unfurnished,8083745.0
3344.0,5,4,5,5,14,0,tier1,apartment,unfurnished,21159760.0
3469.0,3,3,39,17,30,0,tier1,villa,semi,25000000.0
1397.0,2,3,10,4,12,2,tier2,apartment,unfurnished,6162639.0
3773.0,1,2,27,15,17,2,metro,apartment,fully,25000000.0
4366.0,3,2,14,3,12,0,tier1,independent_house,fully,25000000.0
2485.0,4,5,20,18,23,2,tier1,apartment,unfurnished,13361328.0
1964.0,5,5,40,14,23,0,tier1,villa,fully,18438699.0
2557.0,2,2,24,10,16,3,metro,villa,unfurnished,25000000.0
511.0,1,2,17,9,10,2,tier2,apartment,unfurnished,2145387.0
2546.0,5,5,17,13,22,2,tier3,independent_house,unfurnished,10753493.0
510.0,3,2,9,8,10,2,metro,apartment,fully,5576361.0
542.0,1,1,22,8,13,1,tier2,independent_house,semi,2836805.0
2668.0,1,2,23,4,13,3,tier2,independent_house,unfurnished,10674880.0
2494.0,3,4,3,3,16,2,tier1,apartment,semi,15936562.0
4445.0,4,3,16,18,23,0,tier2,apartment,semi,19182074.0
2481.0,2,3,26,15,20,3,tier2,apartment,semi,9111404.0
4417.0,2,1,2,9,14,2,tier3,apartment,semi,13464249.0
3709.0,4,5,40,17,26,1,tier3,apartment,fully,9344266.0
1782.0,5,4,35,12,15,3,metro,studio,semi,10339723.0
4197.0,3,2,26,12,20,0,tier1,apartment,unfurnished,18711637.0
2379.0,3,4,0,2,14,2,tier1,independent_house,fully,25000000.0
2839.0,2,2,21,11,13,2,metro,apartment,unfurnished,21710570.0
811.0,1,1,36,2,16,3,tier1,studio,semi,2894011.0
1271.0,1,1,0,14,22,2,tier3,apartment,semi,4110964.0
2540.0,5,4,32,1,10,3,metro,apartment,unfurnished,19205523.0
1512.0,1,1,34,10,19,1,tier1,villa,unfurnished,11625762.0
2858.0,5,5,3,7,21,3,tier2,apartment,semi,15376500.0
727.0,2,1,9,2,12,0,tier1,independent_house,fully,6967099.0
1429.0,4,3,29,9,22,3,tier1,apartment,fully,7555141.0
3127.0,5,5,37,4,9,3,tier3,villa,semi,13259329.0
2909.0,4,5,31,5,9,2,tier1,villa,unfurnished,23205467.0
4433.0,4,3,21,18,28,0,metro,villa,unfurnished,25000000.0
4088.0,2,2,24,7,10,1,metro,apartment,fully,25000000.0
3723.0,3,3,21,8,10,0,tier3,apartment,semi,10315726.0
403.0,4,4,23,0,3,3,tier1,apartment,semi,2058294.0
2870.0,3,2,31,6,10,1,tier1,apartment,unfurnished,14659570.0
1338.0,1,2,2,7,9,3,metro,apartment,unfurnished,12055917.0
1494.0,5,5,8,15,26,3,tier1,studio,semi,7773812.0
1260.0,1,2,2,2,11,0,tier3,villa,semi,5344497.0
2269.0,5,5,32,19,22,3,tier1,villa,semi,18545714.0
907.0,5,4,29,2,6,1,tier3,apartment,unfurnished,2153274.0
2580.0,1,1,2,13,27,0,tier1,apartment,fully,16669710.0
1081.0,4,5,4,0,13,1,tier1,villa,semi,12548049.0
2451.0,4,4,10,17,19,2,tier3,apartment,fully,8372465.0
2966.0,2,3,9,14,23,3,tier1,apartment,semi,17836328.0
1136.0,5,5,21,17,22,2,tier1,villa,semi,11790884.0
821.0,1,2,20,19,25,0,tier3,villa,semi,3120922.0
3705.0,2,3,14,17,26,1,tier1,studio,semi,15275032.0
3427.0,5,5,6,13,27,1,tier1,apartment,semi,21169980.0
1471.0,4,5,26,17,26,2,tier3,villa,semi,6680807.0
4036.0,1,1,32,2,16,2,metro,apartment,unfurnished,25000000.0
1306.0,1,1,26,13,25,0,tier1,apartment,fully,7196446.0
4199.0,2,2,33,20,30,0,metro,independent_house,unfurnished,25000000.0
864.0,1,2,37,7,19,0,tier1,apartment,unfurnished,3571216.0
3106.0,1,1,34,20,30,3,metro,villa,fully,25000000.0
478.0,3,2,26,10,14,2,tier2,apartment,unfurnished,1596111.0
1209.0,1,1,2,9,23,1,metro,apartment,fully,11331363.0
2059.0,2,2,13,6,19,3,tier2,studio,semi,6924881.0
749.0,2,2,17,2,11,0,tier1,apartment,unfurnished,3385158.0
2273.0,5,5,29,18,28,0,tier1,independent_house,unfurnished,14417093.0
1351.0,5,5,34,15,28,1,tier1,apartment,unfurnished,6572245.0
805.0,5,4,26,8,11,0,tier2,studio,unfurnished,2382006.0
4344.0,2,1,14,20,21,3,tier1,apartment,unfurnished,23644768.0
4425.0,3,4,32,3,17,3,tier1,apartment,unfurnished,22634993.0
4345.0,3,3,28,16,24,2,tier3,independent_house,unfurnished,14162929.0
1031.0,5,5,32,9,20,3,tier2,apartment,semi,4094417.0
1965.0,4,4,24,13,21,1,metro,apartment,unfurnished,14941859.0
1742.0,5,4,26,0,8,0,tier3,studio,unfurnished,2792410.0
1735.0,3,3,14,12,13,1,tier1,villa,unfurnished,15006406.0
2108.0,5,5,16,14,19,0,metro,independent_house,unfurnished,25000000.0
2491.0,4,5,11,20,22,3,tier1,villa,unfurnished,25000000.0
2389.0,4,3,10,7,14,2,metro,independent_house,unfurnished,25000000.0
1595.0,4,5,26,1,2,3,metro,independent_house,unfurnished,18091206.0
4417.0,2,2,15,1,13,1,tier2,villa,fully,25000000.0
4416.0,4,3,5,3,8,2,metro,apartment,unfurnished,25000000.0
1758.0,2,2,1,6,17,1,tier2,apartment,unfurnished,7293533.0
1307.0,4,3,35,17,18,1,tier3,villa,semi,5959086.0
2584.0,2,1,17,4,5,2,tier2,independent_house,semi,14007776.0
1913.0,4,5,23,3,9,3,tier2,villa,unfurnished,12901505.0
4447.0,3,4,37,0,12,2,tier2,apartment,fully,16645785.0
2160.0,4,4,4,8,20,2,tier3,apartment,semi,7340362.0
563.0,2,3,38,12,20,2,tier1,villa,fully,4588171.0
912.0,4,5,28,5,14,1,metro,independent_house,fully,9151084.0
705.0,5,5,26,10,20,3,tier1,apartment,semi,3443524.0
1969.0,1,1,17,5,15,3,tier1,villa,semi,20462237.0
1697.0,2,2,28,16,27,1,metro,independent_house,semi,15657358.0
3912.0,4,3,8,0,1,3,tier2,studio,fully,12839593.0
4051.0,5,5,12,4,11,1,metro,apartment,semi,25000000.0
975.0,4,4,39,11,23,2,tier3,studio,unfurnished,1643352.0
4272.0,3,4,11,17,24,2,tier1,villa,unfurnished,25000000.0
2794.0,2,3,29,8,11,3,metro,independent_house,semi,25000000.0
1657.0,5,5,38,1,11,3,metro,apartment,semi,11639164.0
2067.0,5,5,24,11,16,1,metro,villa,fully,25000000.0
2209.0,5,5,12,5,13,2,tier1,villa,unfurnished,22057057.0
1099.0,2,3,34,6,14,2,metro,apartment,fully,8656178.0
3956.0,3,2,33,19,29,3,tier1,apartment,unfurnished,16465865.0
450.0,2,2,22,19,30,0,metro,villa,semi,5390895.0
685.0,5,5,4,5,15,2,tier1,villa,unfurnished,8076077.0
1520.0,5,5,18,12,26,2,tier1,apartment,unfurnished,9874057.0
988.0,1,1,17,11,12,1,tier1,apartment,semi,5811702.0
653.0,2,1,7,20,30,1,tier1,apartment,unfurnished,4143666.0
1971.0,3,2,16,19,25,2,metro,studio,unfurnished,9207258.0
1944.0,3,3,6,7,18,1,metro,studio,fully,16032206.0
914.0,3,3,28,0,2,0,metro,apartment,unfurnished,6164219.0
3721.0,2,3,17,0,8,3,tier2,apartment,semi,17100052.0
4018.0,4,3,29,0,1,1,tier3,apartment,semi,9091444.0
3350.0,5,5,18,16,26,0,tier3,villa,unfurnished,12166463.0
2540.0,5,4,29,15,19,0,tier1,independent_house,fully,23131975.0
4284.0,3,4,30,17,20,3,tier1,villa,fully,25000000.0
1837.0,5,4,6,2,4,1,tier1,apartment,fully,13499531.0
2150.0,4,3,18,1,5,1,tier2,apartment,fully,10161242.0
461.0,1,1,30,3,17,1,tier2,apartment,semi,1659419.0
3301.0,4,3,24,13,27,0,tier2,independent_house,fully,20117664.0
779.0,2,2,9,0,2,2,tier3,villa,unfurnished,3396474.0
3127.0,4,4,34,13,27,0,tier1,villa,unfurnished,21545771.0
3607.0,4,4,8,18,27,3,tier2,apartment,semi,18780376.0
1289.0,5,5,40,3,8,1,tier2,studio,unfurnished,3313896.0
2909.0,5,5,28,15,29,0,tier1,apartment,semi,13927282.0
1644.0,5,4,13,11,15,1,tier3,independent_house,unfurnished,7034787.0
2033.0,3,3,7,19,22,0,metro,independent_house,unfurnished,17923964.0
2572.0,3,4,36,5,9,1,tier3,villa,fully,10818181.0
1422.0,3,3,21,4,7,0,tier2,independent_house,unfurnished,6547221.0
3666.0,5,4,33,0,7,2,metro,apartment,unfurnished,25000000.0
2017.0,2,3,34,14,16,3,tier2,independent_house,semi,10113717.0
2293.0,3,4,2,18,22,1,metro,apartment,fully,23013492.0
3740.0,4,3,28,0,6,0,tier2,villa,fully,24260354.0
1333.0,1,1,13,10,20,0,tier2,apartment,unfurnished,4756084.0
2254.0,4,4,37,15,28,3,tier2,apartment,fully,9404237.0
4473.0,2,1,8,16,18,1,tier3,apartment,semi,15189104.0
2038.0,2,1,1,19,28,1,metro,apartment,fully,17803386.0
873.0,4,5,27,15,17,0,tier1,villa,unfurnished,5270202.0
1566.0,1,1,22,19,30,2,tier1,villa,unfurnished,12254155.0
4319.0,1,2,22,20,24,0,metro,apartment,semi,25000000.0
3512.0,3,3,10,19,30,3,tier1,studio,semi,17256171.0
3717.0,3,3,20,9,20,0,tier1,studio,unfurnished,13523869.0
1439.0,1,2,39,8,13,0,tier1,apartment,semi,6625209.0
3839.0,2,1,31,8,13,2,tier1,apartment,semi,17681740.0
2012.0,2,2,40,19,24,1,tier3,villa,unfurnished,6484915.0
3659.0,3,2,13,5,12,2,tier1,independent_house,semi,25000000.0
4011.0,2,1,35,15,22,0,tier3,apartment,unfurnished,8219926.0
1253.0,1,2,15,13,23,3,tier1,independent_house,fully,11228497.0
4247.0,3,2,38,1,8,1,tier1,apartment,semi,22067439.0
2993.0,5,5,35,10,22,3,tier1,apartment,semi,17026312.0
3396.0,3,3,6,4,11,3,tier1,independent_house,fully,25000000.0
3502.0,2,3,39,15,20,2,tier1,villa,semi,25000000.0
1090.0,3,3,24,9,14,1,tier1,independent_house,unfurnished,8005586.0
3457.0,1,2,31,7,18,1,metro,apartment,semi,24842410.0
1273.0,2,3,23,1,3,2,tier1,apartment,fully,6572853.0
1513.0,3,4,8,2,7,0,tier2,apartment,unfurnished,6025609.0
877.0,3,4,40,16,21,0,tier1,apartment,semi,3674982.0
1142.0,3,2,4,18,28,2,tier2,apartment,unfurnished,5287161.0
4413.0,5,4,33,6,8,0,tier1,villa,fully,25000000.0
1745.0,4,4,8,17,24,1,tier3,villa,semi,8477556.0
1986.0,1,1,32,11,21,2,tier2,independent_house,fully,9181390.0
2367.0,3,4,17,7,20,1,tier3,apartment,semi,6862025.0
3323.0,3,4,9,9,16,3,tier2,apartment,unfurnished,14360205.0
2752.0,1,1,9,14,28,3,metro,independent_house,semi,25000000.0
2598.0,2,1,13,19,28,0,tier1,apartment,fully,18385074.0
3831.0,5,4,36,10,21,0,metro,independent_house,unfurnished,25000000.0
2433.0,2,2,31,7,11,3,tier2,apartment,unfurnished,8458848.0
3553.0,3,3,27,15,28,0,tier2,villa,semi,23821387.0
4134.0,2,1,25,11,15,1,tier1,independent_house,semi,25000000.0
3172.0,1,2,17,8,10,3,tier3,villa,unfurnished,12287146.0
544.0,2,1,36,9,11,2,metro,villa,unfurnished,5175223.0
1480.0,4,4,11,11,21,1,tier2,independent_house,unfurnished,7921740.0
2932.0,5,5,38,2,11,0,tier2,apartment,semi,10191751.0
2363.0,4,3,15,1,4,1,metro,independent_house,semi,25000000.0
1567.0,5,5,13,13,26,2,tier2,independent_house,semi,8902934.0
1775.0,4,5,19,3,7,0,tier2,studio,fully,5597821.0
721.0,4,5,30,11,20,2,metro,apartment,unfurnished,5284059.0
1363.0,3,2,29,16,24,1,tier1,apartment,semi,7637199.0
3609.0,1,1,31,4,13,1,tier1,independent_house,unfurnished,21812241.0
442.0,3,2,3,8,19,3,tier2,villa,semi,3577383.0
3831.0,5,5,6,20,30,3,metro,apartment,semi,25000000.0
1791.0,3,4,34,0,11,2,tier3,apartment,semi,3905545.0
3712.0,4,5,40,15,28,2,tier3,apartment,fully,9129764.0
1450.0,1,2,5,3,16,1,metro,villa,unfurnished,19148618.0
3797.0,2,2,37,19,25,0,tier1,apartment,unfurnished,16375429.0
2744.0,2,3,10,8,16,1,tier2,apartment,semi,10899545.0
3890.0,2,3,40,0,3,0,tier2,apartment,semi,11441950.0
655.0,5,5,40,15,28,1,tier1,studio,unfurnished,2577555.0
3669.0,3,4,26,3,17,1,metro,apartment,fully,25000000.0
1509.0,4,4,7,7,20,2,metro,apartment,fully,15330661.0
1871.0,4,3,32,10,21,1,tier3,villa,semi,6781057.0
583.0,3,2,4,15,27,1,tier1,apartment,semi,3692286.0
4311.0,5,5,13,8,20,2,tier3,studio,unfurnished,9476851.0
3029.0,2,1,26,18,22,0,tier1,studio,semi,11945632.0
4421.0,1,1,2,10,14,0,tier3,apartment,semi,13127788.0
2729.0,4,5,16,7,15,2,metro,apartment,fully,25000000.0
1048.0,4,4,32,7,13,2,metro,apartment,semi,7747938.0
1783.0,2,3,3,16,27,3,tier3,apartment,unfurnished,5050348.0
2203.0,5,4,15,13,24,2,tier3,apartment,unfurnished,7376462.0
1004.0,1,1,0,2,16,3,tier1,apartment,unfurnished,6056325.0
4219.0,2,2,26,15,27,2,tier1,apartment,fully,21967699.0
4327.0,1,1,3,8,9,3,tier1,villa,fully,25000000.0
2710.0,1,1,11,7,12,0,tier1,apartment,fully,15997068.0
2796.0,4,3,21,2,7,2,metro,apartment,fully,25000000.0
3284.0,4,5,8,20,29,3,tier3,villa,unfurnished,15247479.0
3184.0,4,3,9,1,6,3,tier1,apartment,semi,25000000.0
656.0,5,5,34,20,30,1,tier2,apartment,semi,2456498.0
2578.0,1,2,31,1,6,3,metro,apartment,unfurnished,18450858.0
3586.0,4,4,3,10,17,1,metro,apartment,semi,25000000.0
3706.0,1,1,35,2,14,0,tier2,apartment,semi,10869321.0
2843.0,5,4,19,10,16,3,tier1,independent_house,fully,25000000.0
4075.0,4,4,5,17,18,1,tier2,studio,unfurnished,14037748.0
2803.0,4,4,37,12,17,0,metro,apartment,fully,20008338.0
1969.0,3,4,13,11,17,0,tier3,apartment,fully,5977431.0
2214.0,2,1,13,2,11,0,tier2,independent_house,fully,13428032.0
3229.0,4,4,6,19,29,3,tier3,villa,unfurnished,14168377.0
4034.0,5,4,36,7,15,3,metro,apartment,unfurnished,25000000.0
1342.0,1,1,11,11,17,3,tier1,apartment,semi,7998680.0
1603.0,5,5,24,18,26,0,tier1,apartment,unfurnished,8330482.0
3072.0,4,3,9,13,16,3,tier1,villa,unfurnished,25000000.0
3530.0,1,1,36,15,18,2,tier1,apartment,fully,17028736.0
2036.0,5,4,32,3,12,1,metro,apartment,unfurnished,12121612.0
3037.0,1,1,20,9,22,2,tier1,apartment,semi,16595243.0
427.0,4,3,14,11,19,3,tier1,apartment,fully,2809084.0
1596.0,1,1,26,3,4,1,tier1,villa,semi,13548024.0
4317.0,1,1,20,8,22,0,metro,independent_house,fully,25000000.0
2763.0,4,3,38,17,22,3,tier1,villa,semi,19328512.0
3960.0,4,3,27,19,30,0,tier2,apartment,unfurnished,13025443.0
1292.0,4,4,1,17,30,0,tier1,apartment,unfurnished,8513969.0
1592.0,2,1,33,19,30,2,tier1,independent_house,unfurnished,8948344.0
4397.0,5,4,7,20,22,3,tier1,villa,unfurnished,25000000.0
4490.0,1,1,12,4,7,3,tier2,apartment,fully,22114229.0
3995.0,5,4,17,17,27,3,tier1,apartment,fully,25000000.0
1700.0,2,1,8,13,24,3,tier2,independent_house,unfurnished,9146268.0
3685.0,4,3,38,18,30,0,tier3,independent_house,unfurnished,8415486.0
2281.0,5,5,40,13,21,1,tier1,independent_house,semi,16580681.0
3860.0,2,3,6,2,5,2,tier3,villa,semi,21678653.0
3890.0,3,2,13,11,21,1,tier2,apartment,unfurnished,17729593.0
2182.0,5,4,15,15,25,2,metro,apartment,unfurnished,18540397.0
1648.0,5,5,27,2,9,1,tier1,apartment,unfurnished,8116304.0
4396.0,2,3,24,10,19,1,tier2,independent_house,semi,23699980.0
2247.0,3,4,27,13,16,0,tier3,villa,unfurnished,8032070.0
2169.0,2,3,1,9,21,2,tier1,apartment,semi,15382240.0
3128.0,3,2,21,16,17,3,metro,independent_house,unfurnished,25000000.0
4240.0,2,2,8,2,14,3,tier2,apartment,semi,19598688.0
934.0,1,1,9,7,19,1,metro,apartment,semi,8368569.0
4436.0,5,5,31,19,29,2,tier2,apartment,unfurnished,17754957.0
2131.0,4,5,5,10,22,0,tier1,independent_house,fully,19660133.0
504.0,3,2,1,3,16,2,tier2,studio,semi,1716820.0
1668.0,1,1,19,2,5,1,tier3,villa,fully,5733362.0
2296.0,1,1,30,12,20,3,tier2,studio,semi,6006559.0
3174.0,3,2,20,19,29,2,tier2,independent_house,semi,16237107.0
2722.0,4,3,6,1,15,0,tier2,independent_house,unfurnished,16170904.0
957.0,2,3,31,2,13,3,tier2,independent_house,semi,4634476.0
2401.0,4,4,15,7,16,2,tier3,apartment,semi,7080904.0
1354.0,2,3,29,4,12,0,metro,independent_house,semi,13446688.0
1505.0,1,2,8,2,5,1,tier2,villa,unfurnished,9604663.0
3316.0,3,3,37,6,11,0,metro,independent_house,unfurnished,25000000.0
3693.0,1,2,11,13,20,1,tier3,apartment,unfurnished,10524668.0
1040.0,1,1,39,17,30,3,tier2,independent_house,unfurnished,4471205.0
2869.0,1,2,15,6,19,3,tier1,studio,semi,12481207.0
2130.0,2,1,29,14,23,2,metro,apartment,fully,16113733.0
1780.0,3,3,20,17,19,1,tier1,studio,unfurnished,7658975.0
3322.0,5,5,3,0,11,1,tier2,apartment,unfurnished,15393973.0
1420.0,2,3,4,17,24,3,metro,apartment,unfurnished,11358577.0
3538.0,1,1,16,3,13,0,metro,apartment,unfurnished,25000000.0
2043.0,1,2,7,14,21,3,tier3,independent_house,semi,9017362.0
789.0,2,1,24,15,26,3,tier2,villa,unfurnished,5067231.0
3648.0,2,3,5,17,21,3,metro,apartment,fully,25000000.0
3893.0,2,2,24,8,11,2,tier1,villa,fully,25000000.0
2708.0,5,4,8,13,17,3,tier3,apartment,semi,10477324.0
3368.0,2,3,7,0,13,0,tier2,apartment,fully,15333273.0
1004.0,4,5,15,9,11,3,tier2,independent_house,semi,6175154.0
1791.0,4,3,23,20,25,0,tier1,independent_house,fully,12512347.0
1834.0,1,1,16,3,8,0,tier1,independent_house,unfurnished,12515643.0
3531.0,2,1,14,3,15,0,metro,villa,fully,25000000.0
1843.0,3,3,13,14,20,2,tier2,studio,unfurnished,5688805.0
3386.0,3,3,13,10,23,0,metro,apartment,unfurnished,22244013.0
1658.0,1,2,16,9,23,2,metro,apartment,fully,13809750.0
2863.0,4,5,34,5,15,0,tier2,apartment,unfurnished,9803118.0
1260.0,2,1,23,3,8,2,tier3,villa,unfurnished,4443437.0
2689.0,2,2,17,15,24,0,tier2,villa,unfurnished,15684083.0
731.0,4,5,30,7,17,2,tier1,independent_house,unfurnished,5313303.0
3412.0,5,5,21,16,18,0,tier1,apartment,unfurnished,20668487.0
519.0,5,4,38,9,21,3,tier1,apartment,semi,3231206.0
4496.0,5,4,23,8,15,1,tier1,villa,semi,25000000.0
3839.0,3,2,8,4,16,2,tier1,studio,fully,20792546.0
2772.0,1,1,23,13,22,1,tier1,apartment,unfurnished,13726363.0
4129.0,2,2,31,5,18,2,tier2,apartment,fully,16579722.0
3715.0,2,2,8,19,21,1,tier3,apartment,semi,11199566.0
985.0,2,1,8,8,9,0,tier3,apartment,fully,3278836.0
3451.0,2,2,24,17,19,3,metro,apartment,fully,23680013.0
1946.0,1,1,36,9,22,2,tier1,apartment,fully,10109709.0
3908.0,1,1,13,8,22,1,metro,villa,unfurnished,25000000.0
3941.0,4,3,20,9,23,0,tier1,apartment,semi,22662598.0
4313.0,3,4,26,9,14,3,tier1,apartment,fully,21870548.0
2249.0,1,1,27,10,14,1,metro,apartment,semi,15652993.0
1191.0,3,2,5,18,23,3,tier2,studio,unfurnished,3806834.0
912.0,5,5,16,14,26,3,tier1,apartment,semi,7096419.0
1078.0,3,4,40,0,4,3,tier3,apartment,fully,2671269.0
4466.0,2,1,36,1,9,2,metro,apartment,unfurnished,25000000.0
2804.0,2,1,31,0,10,0,metro,villa,semi,24864600.0
1842.0,2,1,0,14,20,0,tier1,independent_house,fully,18013078.0
2242.0,2,2,17,4,11,0,metro,apartment,semi,18393147.0
1108.0,5,5,2,8,18,1,tier1,apartment,unfurnished,7375370.0
2739.0,5,5,12,17,29,2,tier3,apartment,semi,9165479.0
2145.0,2,2,35,2,5,3,metro,villa,semi,23550701.0
3671.0,5,5,15,3,11,0,metro,studio,semi,25000000.0
486.0,5,4,6,1,4,2,tier2,apartment,semi,2645236.0
4220.0,1,1,29,5,6,0,tier1,apartment,semi,17615151.0
648.0,3,4,31,1,11,1,tier2,independent_house,fully,2989322.0
2111.0,4,5,26,13,20,0,tier1,independent_house,fully,19493496.0
1796.0,3,4,33,15,19,1,tier2,apartment,fully,7265512.0
3343.0,3,4,28,3,4,2,metro,apartment,semi,23058550.0
3098.0,3,3,26,11,25,2,tier1,apartment,unfurnished,14184641.0
1206.0,4,5,36,6,18,3,tier2,independent_house,semi,6204699.0
2411.0,2,3,13,1,15,2,tier3,independent_house,unfurnished,7797387.0
2591.0,3,4,18,9,11,1,tier1,independent_house,semi,20248900.0
2301.0,2,1,23,14,15,3,tier2,independent_house,unfurnished,11461383.0
489.0,5,4,27,4,8,3,metro,apartment,semi,4145957.0
1130.0,1,1,19,16,18,3,metro,apartment,semi,9861782.0
2465.0,1,1,18,20,27,3,metro,apartment,semi,22844231.0
1467.0,1,2,6,1,11,3,tier2,independent_house,semi,8558742.0
2635.0,2,1,26,3,6,0,tier1,villa,unfurnished,18267017.0
1071.0,4,5,5,6,12,2,tier2,apartment,unfurnished,5025978.0
3415.0,5,5,19,17,25,1,metro,apartment,semi,25000000.0
1172.0,3,4,16,2,7,1,tier3,independent_house,fully,4552937.0
3062.0,1,1,31,9,16,0,tier2,independent_house,fully,15309566.0
3830.0,2,1,19,11,20,0,metro,independent_house,fully,25000000.0
1869.0,1,1,0,2,16,3,metro,apartment,unfurnished,16365509.0
971.0,3,4,20,0,5,3,metro,studio,unfurnished,5121000.0
423.0,4,5,8,2,4,2,tier3,independent_house,semi,1826058.0
1878.0,1,1,15,1,14,0,metro,independent_house,semi,19143708.0
873.0,4,3,12,10,19,2,tier1,independent_house,semi,8262802.0
4015.0,2,2,6,19,26,0,tier1,studio,fully,22649437.0
4389.0,4,5,38,7,18,2,tier2,studio,semi,11365523.0
4420.0,5,5,10,5,19,0,tier1,villa,semi,25000000.0
4181.0,4,3,20,4,6,1,tier1,apartment,fully,25000000.0
2805.0,4,4,33,20,30,0,tier3,apartment,unfurnished,6302984.0
1732.0,4,4,14,20,29,3,metro,independent_house,fully,23656887.0
2230.0,1,1,38,13,22,2,tier2,villa,semi,11256020.0
1461.0,1,2,16,9,22,3,metro,apartment,unfurnished,12461929.0
3844.0,2,1,38,3,8,0,tier1,apartment,fully,18707425.0
2189.0,4,4,18,19,30,2,tier3,studio,fully,5065086.0
1979.0,4,5,0,0,8,1,tier2,independent_house,fully,13012688.0
3228.0,4,3,35,3,17,1,tier2,studio,unfurnished,6907896.0
1932.0,2,1,35,14,21,3,tier1,apartment,unfurnished,9359946.0
1862.0,5,4,39,3,14,0,tier1,independent_house,semi,12727519.0
1332.0,3,3,5,2,9,3,tier1,independent_house,unfurnished,10742070.0
675.0,2,1,34,12,18,0,tier1,apartment,unfurnished,2945149.0
555.0,4,5,14,0,6,1,tier1,apartment,semi,3432343.0
2051.0,1,1,34,5,18,0,tier1,studio,unfurnished,6162066.0
4480.0,3,4,39,13,25,2,tier1,apartment,semi,20612515.0
1468.0,4,4,8,3,7,2,tier1,villa,semi,16786226.0
3028.0,4,5,15,15,28,2,tier1,independent_house,unfurnished,24188657.0
1732.0,2,2,11,1,10,3,metro,independent_house,semi,19917645.0
1641.0,1,1,12,12,14,3,tier3,apartment,unfurnished,4024558.0
1068.0,1,1,24,1,12,3,tier2,independent_house,unfurnished,5038815.0
2710.0,1,1,16,15,18,1,metro,apartment,semi,22640689.0
3101.0,5,4,26,15,28,0,tier2,independent_house,semi,16841408.0
1835.0,4,3,27,16,23,0,tier2,apartment,unfurnished,6312254.0
2559.0,3,4,8,5,18,1,metro,independent_house,semi,25000000.0
2352.0,3,4,1,4,11,2,metro,independent_house,unfurnished,25000000.0
1510.0,2,1,30,20,22,0,metro,apartment,semi,10726870.0
3236.0,1,1,7,15,26,3,metro,apartment,unfurnished,25000000.0
2670.0,1,1,8,3,14,3,tier2,independent_house,semi,16739142.0
670.0,4,3,24,0,5,0,tier3,apartment,semi,1687499.0
2420.0,1,1,10,7,10,3,metro,apartment,unfurnished,19748474.0
1996.0,1,2,7,13,26,2,tier2,villa,semi,13297751.0
3663.0,4,3,12,7,18,1,metro,studio,fully,23049621.0
1657.0,3,3,21,16,21,2,tier2,villa,unfurnished,10373674.0
4319.0,3,4,34,10,20,2,tier2,apartment,semi,15974788.0
2921.0,2,2,40,20,24,1,tier1,studio,fully,10369083.0
935.0,1,1,30,18,21,2,metro,villa,unfurnished,10466005.0
2053.0,3,3,36,9,19,0,tier2,apartment,fully,6839950.0
4024.0,2,3,21,17,29,1,tier3,apartment,semi,8873612.0
1443.0,3,4,16,9,22,3,tier1,apartment,semi,8724128.0
3289.0,1,1,33,0,7,0,metro,apartment,fully,19189249.0
3611.0,2,1,12,6,9,2,metro,independent_house,fully,25000000.0
3239.0,1,2,33,8,16,1,tier2,apartment,semi,9993695.0
770.0,3,4,40,20,30,1,tier2,independent_house,semi,3662986.0
1934.0,2,2,15,17,30,0,tier2,apartment,unfurnished,7633302.0
1827.0,2,3,25,3,5,2,tier2,apartment,unfurnished,5973957.0
1810.0,3,4,32,0,10,2,tier3,apartment,fully,4333598.0
4003.0,3,2,32,11,19,2,tier2,villa,unfurnished,22744517.0
423.0,2,2,8,11,20,1,metro,independent_house,fully,5685982.0
2609.0,4,4,39,15,17,2,tier2,apartment,unfurnished,7139623.0
4427.0,2,2,20,5,6,2,tier1,apartment,unfurnished,24243139.0
3989.0,2,2,1,17,26,2,tier1,apartment,unfurnished,20793468.0
2886.0,3,4,4,8,11,2,tier3,independent_house,semi,11884082.0
4491.0,1,1,29,7,16,1,tier2,apartment,unfurnished,15491487.0
2049.0,3,3,17,8,9,2,tier3,independent_house,unfurnished,9049184.0
2906.0,3,2,4,19,30,2,tier1,apartment,fully,20980104.0
2629.0,1,1,21,8,13,3,tier1,apartment,fully,14296122.0
594.0,3,3,24,11,18,1,tier1,independent_house,fully,4590502.0
566.0,1,1,3,18,23,1,metro,villa,unfurnished,7339529.0
4077.0,4,5,14,0,6,2,metro,apartment,unfurnished,25000000.0
1111.0,1,1,18,11,19,2,tier1,studio,semi,4379479.0
1854.0,1,1,31,14,24,1,metro,apartment,unfurnished,11123224.0
2955.0,2,2,26,18,28,0,tier3,apartment,semi,7238718.0
2759.0,4,5,3,1,15,2,metro,apartment,fully,25000000.0
2508.0,4,3,25,15,18,2,metro,villa,unfurnished,25000000.0
4414.0,3,3,37,16,29,3,tier2,independent_house,fully,21490451.0
3627.0,1,1,2,7,16,2,metro,apartment,unfurnished,25000000.0
4261.0,2,3,40,15,20,2,tier3,studio,unfurnished,5883307.0
3100.0,4,3,3,10,23,0,tier2,villa,unfurnished,20426333.0
4414.0,1,1,25,13,23,1,metro,studio,fully,25000000.0
2865.0,4,4,14,8,11,0,tier2,independent_house,semi,16284269.0
2621.0,2,1,29,3,6,2,tier2,studio,fully,6588196.0
3742.0,1,2,34,17,27,2,tier2,villa,unfurnished,20045271.0
3962.0,4,3,34,4,15,3,tier2,apartment,fully,16709458.0
679.0,1,1,35,3,4,2,tier2,apartment,semi,1995858.0
4133.0,2,1,33,18,27,3,tier2,independent_house,semi,19541557.0
3232.0,1,2,12,19,27,2,tier1,apartment,fully,19321404.0
4080.0,3,3,19,12,26,3,tier2,independent_house,fully,25000000.0
3333.0,1,1,29,12,23,1,tier3,apartment,semi,7385556.0
4200.0,1,1,6,7,20,2,tier2,independent_house,unfurnished,22809480.0
1528.0,3,2,23,12,13,2,tier2,apartment,fully,6464035.0
1169.0,5,4,21,12,23,2,tier1,studio,unfurnished,4555597.0
1202.0,1,2,40,10,15,2,tier2,apartment,fully,4444427.0
1433.0,3,3,2,13,21,3,tier3,apartment,unfurnished,4659178.0
1276.0,5,5,3,11,24,0,metro,independent_house,unfurnished,14627228.0
2210.0,2,1,1,18,30,1,metro,independent_house,unfurnished,25000000.0
1212.0,3,4,22,14,18,2,tier1,independent_house,semi,10377539.0
1048.0,5,5,22,8,12,2,tier1,studio,unfurnished,4608526.0
2547.0,4,4,24,13,24,2,tier2,apartment,fully,12617375.0
3652.0,2,3,9,4,17,0,metro,independent_house,semi,25000000.0
956.0,4,5,12,4,13,3,tier1,apartment,unfurnished,6024201.0
2496.0,4,5,17,17,18,2,tier2,villa,semi,16843485.0
3103.0,3,4,1,12,15,1,tier2,apartment,fully,14498601.0
3292.0,3,3,30,1,12,3,tier2,apartment,fully,11144542.0
830.0,5,5,2,7,18,1,tier2,villa,unfurnished,6849166.0
3408.0,5,5,27,20,30,0,tier2,independent_house,fully,18649270.0
510.0,5,5,18,13,21,3,tier2,apartment,unfurnished,2355803.0
1371.0,4,4,40,18,24,1,tier2,studio,semi,3778286.0
1709.0,2,1,28,11,13,3,tier1,villa,fully,14614497.0
3897.0,1,1,19,0,11,2,tier2,apartment,semi,13764923.0
1186.0,1,1,28,3,17,0,metro,villa,unfurnished,13457506.0
3608.0,5,4,4,1,2,1,tier1,apartment,semi,25000000.0
4453.0,2,2,7,15,22,3,tier1,apartment,unfurnished,25000000.0
4335.0,1,1,20,15,20,3,tier3,independent_house,unfurnished,13126266.0
1642.0,2,2,35,9,20,0,tier2,apartment,unfurnished,4867194.0
792.0,1,2,33,15,26,3,metro,apartment,fully,6566674.0
1310.0,3,4,15,11,15,3,tier2,independent_house,unfurnished,7726962.0
3552.0,3,3,11,15,29,2,metro,apartment,semi,25000000.0
1206.0,2,2,39,14,16,0,tier2,independent_house,fully,6045587.0
3046.0,4,5,23,9,20,2,tier2,independent_house,fully,20336690.0
1932.0,3,2,4,13,24,1,tier2,apartment,semi,9223794.0
3544.0,5,5,9,6,9,0,tier2,villa,semi,25000000.0
2883.0,4,5,34,15,25,3,tier1,apartment,unfurnished,14486743.0
2800.0,1,2,36,19,23,2,tier1,villa,semi,23008045.0
3605.0,2,1,37,4,8,0,tier3,apartment,unfurnished,6823843.0
4314.0,4,4,0,14,16,1,tier2,studio,unfurnished,15981432.0
1894.0,3,4,33,2,13,3,tier1,apartment,unfurnished,9289201.0
2568.0,4,3,4,7,19,1,tier1,independent_house,semi,25000000.0
2966.0,2,1,33,14,22,1,metro,apartment,unfurnished,22305941.0
3774.0,1,1,36,5,16,0,metro,apartment,unfurnished,23190454.0
2376.0,4,4,14,4,9,0,metro,villa,fully,25000000.0
1935.0,4,5,7,8,16,3,tier1,villa,unfurnished,19304746.0
3870.0,4,4,29,2,14,3,tier3,studio,semi,7942064.0
4308.0,3,4,2,13,20,0,tier1,apartment,semi,25000000.0
2733.0,1,1,23,2,11,2,metro,apartment,semi,21927403.0
824.0,4,4,13,6,9,2,metro,apartment,unfurnished,7483048.0
1588.0,4,3,17,6,14,3,tier1,apartment,unfurnished,9522590.0
2298.0,4,3,33,20,30,2,tier2,independent_house,fully,14105121.0
3284.0,1,1,40,20,30,3,tier1,studio,semi,12810835.0
3145.0,4,5,16,1,6,0,tier2,independent_house,unfurnished,16756729.0
3762.0,4,4,11,3,11,0,tier2,apartment,unfurnished,16039099.0
522.0,5,4,34,15,24,1,metro,apartment,semi,3727555.0
2308.0,3,2,16,6,20,1,tier2,independent_house,unfurnished,11821492.0
3274.0,4,4,8,13,25,3,tier3,apartment,semi,9828683.0
4447.0,3,4,37,19,30,1,tier1,independent_house,semi,25000000.0
983.0,4,5,40,3,14,1,metro,apartment,semi,6595706.0
4004.0,4,3,11,20,26,2,tier3,apartment,fully,11509484.0
431.0,4,5,6,1,7,3,tier3,independent_house,semi,2033990.0
1207.0,5,5,6,4,11,0,tier1,apartment,fully,9553250.0
3872.0,1,2,24,10,16,2,tier2,studio,semi,10764348.0
3625.0,4,3,12,18,30,1,metro,apartment,semi,25000000.0
4388.0,4,4,25,11,24,0,tier2,apartment,semi,16613085.0
2863.0,3,4,31,2,15,3,tier1,apartment,semi,14046623.0
2925.0,3,2,0,5,14,3,metro,apartment,unfurnished,25000000.0
2592.0,4,5,35,15,18,0,tier2,villa,fully,17141931.0
2498.0,3,2,1,11,14,3,tier3,apartment,fully,7200683.0
2507.0,3,4,4,0,4,2,tier2,villa,unfurnished,16286712.0
1599.0,5,5,29,10,20,2,tier1,independent_house,semi,13525497.0
3898.0,4,5,25,8,14,1,metro,apartment,fully,25000000.0
1862.0,2,3,40,0,10,1,tier3,apartment,fully,3827575.0
2904.0,5,4,23,5,18,0,tier3,apartment,semi,9177407.0
3143.0,2,2,17,19,24,0,tier1,independent_house,unfurnished,22717468.0
2604.0,1,2,27,14,27,0,tier2,villa,semi,15203067.0
2906.0,5,4,31,1,9,2,tier1,apartment,unfurnished,16093430.0
600.0,2,1,27,0,12,0,tier1,villa,semi,4855225.0
1695.0,2,1,15,7,8,2,metro,villa,semi,25000000.0
2238.0,2,3,39,9,13,2,metro,apartment,semi,16917554.0
2016.0,3,2,12,9,23,1,metro,apartment,unfurnished,14028532.0
4122.0,1,1,14,14,27,0,tier2,studio,semi,11855026.0
4078.0,1,1,11,3,11,2,metro,apartment,semi,25000000.0
3318.0,2,2,12,0,1,3,metro,apartment,unfurnished,25000000.0
1844.0,2,3,8,14,15,1,tier1,apartment,unfurnished,11531999.0
608.0,1,2,23,18,24,3,metro,villa,unfurnished,7081581.0
3496.0,5,5,29,3,16,1,metro,apartment,fully,25000000.0
4024.0,3,4,17,7,13,0,tier2,apartment,semi,17641799.0
2407.0,1,1,37,13,26,2,tier1,apartment,semi,12462497.0
3789.0,1,2,19,3,11,3,tier2,independent_house,semi,18511020.0
4215.0,5,4,19,18,20,3,tier3,apartment,fully,12928544.0
2641.0,2,1,2,4,12,3,metro,studio,semi,18001965.0
1259.0,1,1,37,11,17,0,tier3,apartment,unfurnished,2620164.0
491.0,4,3,6,7,11,0,tier3,apartment,unfurnished,1285887.0
3503.0,5,5,6,14,24,2,tier2,studio,unfurnished,11346002.0
2705.0,2,1,38,4,7,3,tier2,independent_house,fully,12076216.0
1030.0,4,5,21,2,15,3,tier2,apartment,semi,5505627.0
623.0,3,3,2,10,22,1,tier2,independent_house,fully,4184967.0
4374.0,1,1,18,18,29,1,tier2,villa,semi,25000000.0
1713.0,4,4,24,13,15,2,metro,apartment,fully,13715041.0
1741.0,5,4,0,15,29,3,tier3,independent_house,fully,9784755.0
2978.0,5,4,30,9,16,0,tier2,independent_house,semi,13101177.0
1894.0,1,1,27,2,13,3,tier2,apartment,unfurnished,5981745.0
4142.0,3,4,0,8,11,3,tier1,villa,unfurnished,25000000.0
3191.0,4,4,25,20,30,0,metro,apartment,semi,25000000.0
1866.0,1,1,9,16,21,3,tier1,apartment,fully,11774505.0
1493.0,5,5,30,14,24,2,tier1,studio,semi,7304663.0
3926.0,1,2,15,6,10,3,tier1,villa,unfurnished,25000000.0
2826.0,2,1,8,12,26,0,tier1,villa,semi,25000000.0
4165.0,5,5,20,13,23,3,metro,villa,semi,25000000.0
1814.0,3,4,18,13,20,0,tier1,villa,unfurnished,15009222.0
486.0,4,4,14,18,25,0,tier1,apartment,fully,3054806.0
4086.0,3,2,36,14,15,1,tier3,studio,semi,7488218.0
1381.0,4,4,26,4,9,2,metro,villa,unfurnished,13337015.0
3866.0,1,1,19,4,16,0,tier1,independent_house,unfurnished,25000000.0
3310.0,4,3,9,13,25,1,tier1,villa,semi,25000000.0
1350.0,1,1,23,18,30,1,tier1,apartment,semi,6691833.0
3503.0,1,1,1,19,21,0,tier1,apartment,unfurnished,23279856.0
734.0,3,2,36,12,16,0,tier2,apartment,semi,2333726.0
2008.0,3,4,0,11,22,0,tier3,apartment,semi,6720621.0
1861.0,1,1,28,17,23,3,tier1,independent_house,unfurnished,12583159.0
3092.0,4,4,14,20,24,3,tier2,independent_house,semi,20113754.0
2591.0,2,2,29,0,4,2,metro,apartment,semi,18226810.0
2909.0,5,4,14,6,19,2,tier1,apartment,unfurnished,17856229.0
2352.0,1,2,1,7,20,0,tier1,independent_house,unfurnished,20473604.0
3433.0,2,3,38,11,12,0,metro,apartment,unfurnished,21380096.0
1056.0,2,2,31,6,18,1,tier2,studio,semi,2648515.0
3346.0,3,4,1,6,14,3,tier2,apartment,fully,16463562.0
605.0,3,2,1,0,12,1,tier2,apartment,semi,2694270.0
752.0,1,2,21,0,9,3,tier1,apartment,fully,4803077.0
3366.0,3,4,39,9,19,1,tier2,studio,unfurnished,8453676.0
1048.0,5,5,23,20,29,1,tier1,apartment,semi,6639746.0
3557.0,1,2,0,6,17,3,metro,independent_house,semi,25000000.0
944.0,2,3,28,5,17,1,metro,apartment,fully,7662037.0
1001.0,3,3,17,5,13,2,tier2,apartment,fully,5027397.0
4223.0,4,3,26,20,22,2,tier3,independent_house,semi,15626325.0
1127.0,1,1,14,13,15,2,metro,apartment,semi,10643255.0
4145.0,2,1,0,13,19,2,tier2,apartment,fully,18816466.0
1827.0,2,1,0,3,10,3,tier2,villa,fully,16093940.0
3669.0,4,5,25,18,30,1,tier2,independent_house,fully,19278800.0
4251.0,1,1,26,4,5,1,tier1,apartment,unfurnished,21786258.0
878.0,4,5,13,20,30,2,tier2,apartment,unfurnished,3912423.0
1754.0,3,2,3,20,21,1,tier2,studio,semi,7056329.0
2754.0,2,2,31,11,18,0,tier3,independent_house,semi,8717408.0
3948.0,5,5,6,18,24,1,metro,independent_house,unfurnished,25000000.0
1167.0,5,4,7,20,28,2,tier3,independent_house,unfurnished,4671526.0
1165.0,5,4,18,12,13,2,metro,independent_house,semi,13976103.0
1910.0,5,4,29,16,27,1,tier2,apartment,unfurnished,6704833.0
1238.0,2,1,40,12,14,2,metro,apartment,semi,8891069.0
1495.0,5,5,25,11,22,1,metro,independent_house,unfurnished,16959268.0
932.0,1,1,39,7,15,2,metro,independent_house,fully,7449297.0
3798.0,2,3,26,13,26,1,tier1,studio,unfurnished,14019287.0
3666.0,3,4,34,5,19,3,tier1,villa,semi,25000000.0
992.0,4,4,7,4,16,2,metro,apartment,semi,8990065.0
2600.0,3,4,2,5,12,2,tier1,villa,unfurnished,25000000.0
3049.0,3,2,27,0,6,1,tier1,villa,semi,25000000.0
2972.0,2,2,39,19,29,3,tier2,apartment,fully,11434220.0
4433.0,3,3,30,5,15,1,tier3,independent_house,semi,16135136.0
3029.0,3,3,14,16,28,3,tier2,villa,unfurnished,19092398.0
3216.0,3,4,20,9,16,0,metro,apartment,semi,25000000.0
534.0,3,4,4,7,14,3,tier1,villa,unfurnished,5278652.0
724.0,4,4,13,4,6,3,tier3,villa,semi,3712919.0
2937.0,2,1,27,17,20,0,metro,studio,semi,15942220.0
4122.0,1,1,6,10,22,0,tier1,apartment,semi,25000000.0
2036.0,2,3,19,9,23,3,tier3,villa,unfurnished,9237151.0
3036.0,3,4,11,13,22,1,tier3,villa,unfurnished,13860333.0
1261.0,1,2,20,16,21,2,tier1,villa,unfurnished,9689090.0
2270.0,1,1,31,13,14,0,tier2,apartment,semi,6592847.0
3480.0,5,4,36,9,10,1,tier1,independent_house,semi,25000000.0
3104.0,2,2,16,18,28,2,tier2,studio,semi,10838745.0
868.0,4,4,33,18,27,3,metro,villa,unfurnished,9946305.0
4004.0,1,1,28,20,24,1,metro,villa,unfurnished,25000000.0
4201.0,5,5,37,1,4,0,tier2,apartment,semi,17242946.0
2356.0,2,2,30,18,19,1,metro,villa,semi,25000000.0
1797.0,2,2,22,4,14,2,tier2,apartment,fully,7619043.0
2578.0,4,5,27,13,22,3,tier1,independent_house,unfurnished,17418378.0
3685.0,2,2,13,13,18,3,tier3,apartment,unfurnished,10003674.0
2255.0,3,3,27,4,15,3,tier2,independent_house,unfurnished,11851274.0
523.0,4,3,29,0,12,0,tier1,apartment,semi,2858061.0
697.0,1,1,25,19,27,2,tier2,independent_house,semi,3267556.0
3727.0,1,1,4,18,22,2,tier1,villa,unfurnished,25000000.0
3626.0,4,3,21,3,4,1,tier1,apartment,unfurnished,19084973.0
3565.0,2,1,29,12,24,3,metro,apartment,semi,25000000.0
918.0,5,5,8,3,12,3,tier3,independent_house,unfurnished,4179164.0
1099.0,5,4,32,11,16,0,tier2,villa,semi,6262925.0
2017.0,5,4,34,6,7,3,tier3,apartment,unfurnished,4475322.0
1346.0,5,4,22,15,27,3,tier3,apartment,unfurnished,3811775.0
1985.0,5,4,39,12,25,2,tier3,apartment,unfurnished,4289117.0
2689.0,2,2,35,10,17,1,metro,villa,fully,25000000.0
1548.0,5,5,19,14,18,3,tier3,villa,unfurnished,6420169.0
906.0,2,2,36,9,18,2,tier2,apartment,unfurnished,2616897.0
2050.0,3,3,38,0,13,3,tier1,villa,fully,17726923.0
3362.0,1,1,4,12,21,2,tier2,independent_house,unfurnished,18275333.0
2933.0,5,5,40,16,17,3,tier1,independent_house,unfurnished,23530742.0
1718.0,3,2,0,10,13,1,tier1,apartment,unfurnished,11562239.0
1676.0,5,5,19,3,5,0,metro,apartment,semi,12894895.0
2793.0,2,1,38,0,6,1,metro,apartment,semi,15486744.0
1107.0,2,3,29,6,13,3,tier1,apartment,fully,6614056.0
3817.0,3,3,10,16,24,2,tier3,apartment,semi,11205884.0
3964.0,5,5,26,6,17,2,tier2,apartment,semi,18400098.0
504.0,3,2,8,20,22,2,tier1,apartment,unfurnished,3189387.0
4380.0,4,4,9,6,20,2,tier1,independent_house,fully,25000000.0
496.0,2,2,37,8,12,0,tier1,apartment,fully,2218311.0
2280.0,4,5,1,15,23,1,metro,independent_house,fully,25000000.0
3136.0,4,3,39,12,15,0,tier2,apartment,unfurnished,9990957.0
1740.0,5,5,18,0,5,1,metro,villa,semi,22024095.0
1234.0,1,2,2,1,13,2,tier2,apartment,semi,5642121.0
594.0,2,3,32,4,5,3,tier2,independent_house,fully,2781232.0
3382.0,1,2,1,18,25,0,tier2,independent_house,unfurnished,18170179.0
551.0,3,3,13,0,9,2,tier3,apartment,fully,1748845.0
2385.0,4,5,9,1,9,0,tier1,villa,semi,25000000.0
2010.0,4,3,32,16,22,0,tier3,apartment,fully,5228474.0
4367.0,4,5,16,13,19,3,tier2,villa,semi,25000000.0
4213.0,4,4,26,20,30,2,tier2,apartment,fully,20364384.0
3751.0,5,5,2,4,8,0,tier2,apartment,unfurnished,16826897.0
3395.0,5,4,28,13,20,0,tier2,apartment,unfurnished,12943518.0
2625.0,3,3,29,2,8,0,tier3,independent_house,unfurnished,7450906.0
1832.0,5,4,11,12,23,1,tier1,apartment,fully,13322079.0
1083.0,1,2,36,2,14,0,tier2,villa,unfurnished,4630016.0
4368.0,4,3,19,19,30,2,tier2,apartment,semi,19454166.0
1978.0,3,3,27,8,10,1,tier1,apartment,fully,12194244.0
2157.0,5,4,7,5,7,2,tier3,apartment,fully,7353045.0
978.0,3,3,38,20,26,0,tier1,studio,semi,3287496.0
1534.0,1,1,10,1,8,0,tier2,independent_house,fully,9036362.0
3001.0,4,3,25,16,17,0,metro,apartment,unfurnished,20057750.0
2148.0,5,5,3,10,23,0,metro,independent_house,semi,24849548.0
2802.0,1,2,1,14,27,0,tier2,apartment,semi,12377416.0
1267.0,1,1,5,5,11,1,tier1,apartment,fully,8272772.0
736.0,4,3,38,18,29,3,tier1,villa,unfurnished,5711946.0
4031.0,3,4,8,9,17,2,metro,apartment,unfurnished,25000000.0
2171.0,3,4,36,8,18,1,tier1,apartment,semi,11292296.0
1880.0,1,1,23,9,22,3,tier2,independent_house,semi,9649998.0
1572.0,3,3,3,6,8,3,tier3,apartment,fully,5039365.0
3097.0,3,2,18,6,10,3,metro,independent_house,semi,25000000.0
2708.0,5,5,19,2,8,3,tier2,independent_house,fully,18820812.0
1995.0,2,1,10,10,23,2,tier1,independent_house,semi,17247420.0
4216.0,2,2,24,9,18,3,tier2,villa,fully,25000000.0
4097.0,1,2,35,7,13,1,tier1,independent_house,semi,24047747.0
1213.0,3,3,36,20,21,3,tier1,apartment,unfurnished,6162116.0
3033.0,4,4,21,2,11,0,tier1,villa,unfurnished,25000000.0
4370.0,2,3,36,19,23,1,tier2,villa,fully,25000000.0
2401.0,4,5,37,18,23,3,tier1,studio,unfurnished,9554939.0
523.0,5,4,3,0,14,0,tier1,apartment,semi,3521613.0
941.0,1,1,26,14,22,2,tier2,villa,unfurnished,5453394.0
3137.0,3,2,31,4,6,1,tier2,independent_house,fully,16470000.0
4097.0,4,5,0,0,1,0,tier1,apartment,unfurnished,25000000.0
926.0,1,1,24,18,24,0,tier2,independent_house,semi,3608332.0
2641.0,1,2,37,2,3,2,tier3,apartment,semi,5247946.0
2437.0,2,2,10,6,13,2,metro,apartment,unfurnished,18340765.0
1568.0,1,2,35,2,8,2,tier2,villa,semi,8080509.0
2989.0,2,3,38,2,15,0,tier1,apartment,fully,14521265.0
3999.0,1,1,26,1,6,1,tier2,apartment,semi,14302884.0
1380.0,5,5,25,17,21,0,metro,apartment,fully,12016728.0
623.0,3,4,21,1,10,0,tier2,apartment,fully,2433016.0
1871.0,2,1,16,15,24,1,tier1,independent_house,semi,15551821.0
1687.0,4,4,18,3,4,2,tier1,independent_house,semi,16504830.0
3381.0,1,2,21,19,21,1,tier3,villa,fully,13848572.0
2600.0,3,4,19,17,20,0,tier1,apartment,semi,14064067.0
473.0,4,4,33,13,24,0,tier3,villa,semi,1695325.0
1793.0,5,5,31,17,20,1,tier3,independent_house,fully,6695889.0
3413.0,2,1,14,6,20,1,tier3,independent_house,fully,12887847.0
2354.0,3,3,21,16,23,3,metro,apartment,semi,17155859.0
2707.0,4,4,8,4,18,2,tier2,apartment,unfurnished,10612232.0
1483.0,4,4,7,12,16,3,metro,studio,semi,11958519.0
1709.0,1,1,15,19,25,0,tier1,independent_house,semi,14002454.0
933.0,5,5,2,15,17,1,tier3,apartment,unfurnished,3290043.0
734.0,2,2,35,5,17,0,tier2,independent_house,semi,3266586.0
551.0,2,1,5,15,24,0,tier1,apartment,semi,3163693.0
2960.0,1,1,13,18,20,3,tier1,apartment,unfurnished,16157014.0
1046.0,1,1,10,18,29,1,tier2,independent_house,semi,5103430.0
2752.0,2,1,8,15,28,2,tier2,villa,unfurnished,15964920.0
4307.0,1,1,15,15,25,1,tier1,apartment,fully,25000000.0
3258.0,4,5,29,16,28,0,tier3,studio,unfurnished,5836694.0
2759.0,3,4,36,15,19,3,metro,independent_house,fully,25000000.0
879.0,2,1,7,2,9,2,metro,apartment,unfurnished,7276388.0
2404.0,3,3,9,16,28,2,tier2,villa,fully,16748492.0
4053.0,4,4,19,3,12,2,tier3,independent_house,fully,16699824.0
1975.0,1,2,13,11,20,1,metro,villa,unfurnished,22859220.0
3787.0,2,3,32,7,18,1,metro,studio,fully,20026209.0
3304.0,5,5,9,4,13,3,metro,independent_house,semi,25000000.0
1493.0,1,1,16,5,7,0,tier3,apartment,semi,3393485.0
979.0,5,5,22,1,4,1,metro,apartment,fully,8934419.0
469.0,5,4,15,9,20,1,tier1,independent_house,fully,4640511.0
1532.0,2,3,25,8,12,2,tier3,studio,semi,3253008.0
1764.0,2,3,32,8,18,3,metro,apartment,fully,14040851.0
3089.0,2,3,21,1,8,3,tier2,apartment,unfurnished,12638403.0
2747.0,3,3,18,12,21,2,tier1,independent_house,unfurnished,20243233.0
2364.0,2,3,39,3,7,0,tier2,apartment,unfurnished,6607675.0
3363.0,4,4,40,17,22,3,tier1,apartment,unfurnished,17839609.0
3557.0,2,2,40,0,10,1,tier1,independent_house,semi,19068971.0
3325.0,5,5,0,1,4,1,metro,independent_house,unfurnished,25000000.0
4078.0,5,4,34,6,11,3,tier2,independent_house,semi,23799738.0
1874.0,3,4,36,8,22,1,tier2,independent_house,unfurnished,7876498.0
3775.0,3,4,33,20,23,1,metro,apartment,unfurnished,24150940.0
2125.0,1,1,30,11,20,3,tier1,studio,semi,8083368.0
1155.0,1,1,15,7,10,1,tier3,apartment,unfurnished,2824797.0
997.0,3,4,29,17,27,2,metro,apartment,semi,8228303.0
775.0,3,2,23,5,7,0,tier1,independent_house,fully,6576786.0
4317.0,2,3,34,18,27,3,tier2,independent_house,semi,20816661.0
1094.0,1,2,14,8,15,1,tier1,independent_house,fully,9783878.0
3824.0,5,5,30,6,16,2,tier1,apartment,fully,24323434.0
3612.0,3,3,32,6,7,2,tier1,studio,unfurnished,14241853.0
2200.0,3,2,34,0,8,1,metro,villa,semi,22150829.0
4146.0,3,3,7,14,22,1,tier1,independent_house,unfurnished,25000000.0
4124.0,3,2,35,12,16,0,tier2,studio,semi,10568918.0
4194.0,4,5,8,13,18,1,tier2,apartment,semi,15236497.0
2437.0,4,4,38,13,23,1,metro,independent_house,semi,25000000.0
1622.0,3,2,1,0,8,1,tier2,villa,fully,12915255.0
579.0,1,2,9,18,27,1,metro,independent_house,semi,6266336.0
3845.0,5,4,24,10,24,2,tier2,independent_house,fully,22508569.0
3979.0,2,2,22,14,20,3,tier1,independent_house,semi,25000000.0
2598.0,1,1,28,0,13,3,tier2,apartment,unfurnished,8024814.0
690.0,1,1,16,15,29,3,metro,apartment,unfurnished,5016795.0
3773.0,4,3,0,14,23,2,metro,studio,semi,25000000.0
1623.0,2,1,25,7,10,1,tier1,studio,semi,6363163.0
2648.0,1,2,20,19,25,2,metro,studio,unfurnished,13596909.0
3103.0,5,5,20,13,14,0,metro,apartment,semi,25000000.0
998.0,2,3,15,19,29,3,tier2,apartment,unfurnished,4072606.0
657.0,5,5,36,17,21,2,tier2,independent_house,semi,3450064.0
724.0,5,5,32,4,17,0,metro,independent_house,unfurnished,7057666.0
4332.0,1,1,7,20,30,1,tier3,apartment,unfurnished,11175969.0
4324.0,4,3,1,15,22,1,tier2,villa,unfurnished,25000000.0
2149.0,4,5,7,3,6,1,tier3,apartment,unfurnished,7129965.0
2145.0,1,1,1,16,18,0,tier2,villa,semi,15837779.0
2067.0,2,2,29,9,19,0,tier2,apartment,fully,8582608.0
1837.0,3,2,25,18,29,1,tier1,apartment,unfurnished,10223054.0
2629.0,1,1,18,3,7,1,tier2,apartment,semi,9668380.0
1860.0,4,5,24,5,6,3,tier3,studio,semi,3213195.0
2926.0,2,2,33,7,12,1,metro,independent_house,semi,24285180.0
1953.0,5,5,34,9,20,1,tier1,studio,unfurnished,7713945.0
2982.0,5,5,17,13,22,3,metro,villa,unfurnished,25000000.0
4274.0,4,3,24,4,6,3,tier3,apartment,fully,12473583.0
1243.0,1,2,23,14,16,0,tier1,apartment,fully,5407149.0
657.0,1,2,38,0,2,0,tier2,villa,semi,3103038.0
2559.0,1,1,31,6,17,0,tier2,apartment,semi,7612471.0
888.0,3,4,12,13,24,1,tier3,independent_house,unfurnished,3027226.0
1348.0,4,3,36,5,11,2,metro,independent_house,unfurnished,13120915.0
3637.0,1,1,16,9,19,1,tier2,independent_house,unfurnished,16227140.0
2113.0,4,3,31,12,13,0,tier3,apartment,semi,4734615.0
2652.0,1,1,40,5,13,0,metro,villa,unfurnished,23483242.0
3582.0,2,3,33,20,24,2,tier2,apartment,unfurnished,12448674.0
927.0,3,3,4,17,29,1,tier1,apartment,unfurnished,5579321.0
2362.0,5,5,8,20,27,0,tier2,independent_house,unfurnished,15429880.0
541.0,4,3,32,10,22,2,tier1,villa,semi,4275678.0
2446.0,3,4,5,7,15,2,tier1,independent_house,semi,20002982.0
1319.0,1,1,0,20,27,1,metro,apartment,semi,10317867.0
4136.0,2,2,10,15,29,3,metro,studio,semi,24280516.0
1469.0,4,5,19,16,30,3,metro,studio,semi,10102931.0
1220.0,1,2,5,3,10,0,tier2,villa,fully,7965261.0
458.0,4,5,6,18,24,3,tier1,independent_house,unfurnished,3677287.0
946.0,4,4,13,11,21,0,metro,apartment,unfurnished,7812285.0
1285.0,4,4,24,16,19,1,tier2,independent_house,fully,7915097.0
1334.0,2,2,22,17,23,3,tier2,independent_house,semi,7885688.0
3427.0,2,2,32,2,14,3,tier1,independent_house,semi,25000000.0
4038.0,1,2,40,2,15,0,tier3,independent_house,unfurnished,9181480.0
3907.0,2,2,1,1,7,0,tier1,villa,unfurnished,25000000.0
4321.0,3,3,28,13,19,0,tier2,independent_house,unfurnished,20324439.0
4082.0,1,1,6,19,30,1,metro,independent_house,fully,25000000.0
2267.0,3,2,14,0,3,1,tier2,apartment,semi,9605544.0
1998.0,2,1,14,2,3,1,tier3,apartment,unfurnished,4565099.0
3062.0,3,3,28,10,12,1,tier2,independent_house,unfurnished,13551158.0
1709.0,2,2,10,8,10,2,tier2,villa,unfurnished,11434056.0
2875.0,5,5,36,2,15,3,tier2,villa,unfurnished,18509278.0
4499.0,2,3,15,12,13,2,tier1,studio,semi,22329272.0
1212.0,5,5,33,19,24,1,tier2,independent_house,unfurnished,6042252.0
3554.0,1,2,39,4,13,2,tier2,apartment,fully,12028048.0
4235.0,1,1,20,0,9,2,tier3,apartment,semi,10609002.0
2603.0,1,2,4,4,16,3,tier1,villa,fully,25000000.0
1859.0,3,4,28,3,17,3,metro,independent_house,fully,19674109.0
1444.0,5,4,17,9,15,1,tier2,villa,fully,10237150.0
1088.0,1,1,13,2,6,3,metro,villa,fully,16400618.0
1717.0,4,4,18,7,9,3,metro,independent_house,unfurnished,20808146.0
3460.0,4,5,12,2,15,0,tier1,independent_house,unfurnished,25000000.0
2512.0,2,2,11,14,20,2,tier2,independent_house,unfurnished,14942751.0
1308.0,2,1,40,9,22,0,metro,apartment,semi,8046173.0
2622.0,5,4,11,1,6,1,metro,independent_house,semi,25000000.0
3717.0,4,3,18,0,11,0,metro,villa,unfurnished,25000000.0
456.0,2,1,29,10,20,1,tier3,apartment,fully,1084782.0
484.0,5,4,9,12,22,2,tier2,independent_house,fully,3599808.0
4333.0,3,4,25,3,13,1,metro,independent_house,semi,25000000.0
3467.0,1,1,36,6,11,0,metro,villa,semi,25000000.0
2759.0,5,5,33,12,14,1,tier2,independent_house,unfurnished,13788841.0
4114.0,5,5,1,9,10,2,tier1,apartment,semi,25000000.0
2815.0,3,3,16,2,8,3,tier2,apartment,unfurnished,12444995.0
2534.0,4,4,0,8,21,0,tier1,apartment,semi,15773920.0
1267.0,2,1,24,4,13,1,tier3,apartment,unfurnished,2998968.0
3723.0,5,5,13,19,29,0,tier1,independent_house,unfurnished,25000000.0
3536.0,2,2,36,16,20,0,tier2,independent_house,semi,16296676.0
1611.0,2,3,7,6,13,0,metro,independent_house,semi,16435587.0
3422.0,3,2,34,4,10,3,tier3,apartment,unfurnished,6859965.0
3381.0,2,1,14,2,4,3,tier3,apartment,fully,11074248.0
790.0,4,3,37,15,24,2,tier2,apartment,unfurnished,2554210.0
1057.0,4,5,8,19,25,1,tier1,independent_house,fully,10146218.0
2839.0,3,3,11,5,11,3,metro,apartment,unfurnished,23087537.0
2956.0,4,3,14,13,22,1,tier2,villa,unfurnished,20760334.0
3098.0,3,2,40,4,5,2,tier2,independent_house,fully,15328906.0
1930.0,5,5,30,19,30,2,metro,independent_house,semi,21380584.0
3825.0,2,3,33,6,10,2,tier1,apartment,semi,17570733.0
2227.0,4,5,22,2,12,1,tier1,apartment,semi,13716485.0
1244.0,3,3,32,18,29,1,tier2,independent_house,semi,5525605.0
871.0,5,5,25,19,22,1,tier2,villa,fully,5788035.0
3998.0,2,1,27,8,12,2,tier2,apartment,unfurnished,12323870.0
3299.0,1,2,34,19,25,2,tier2,independent_house,fully,15649603.0
2292.0,5,4,40,5,17,1,tier1,villa,fully,21421287.0
1258.0,5,5,23,5,14,2,tier1,villa,fully,13623044.0
795.0,4,5,18,11,18,0,metro,apartment,semi,6341855.0
1026.0,3,4,26,12,24,1,tier2,apartment,semi,3937488.0
833.0,3,2,30,8,15,3,tier1,apartment,semi,4687106.0
2570.0,4,4,40,16,29,2,tier1,apartment,unfurnished,12030623.0
1210.0,4,3,28,16,27,2,metro,villa,fully,16613788.0
924.0,2,1,39,2,5,3,metro,villa,semi,9142210.0
1559.0,1,1,30,20,26,2,tier2,independent_house,semi,7405157.0
3267.0,1,1,39,3,4,2,metro,studio,fully,14165901.0
2435.0,2,1,30,11,15,1,metro,apartment,unfurnished,16605345.0
1030.0,4,5,36,8,9,3,tier2,apartment,fully,3748708.0
3469.0,3,3,7,9,11,2,tier1,independent_house,fully,25000000.0
2407.0,4,4,40,2,3,2,tier1,studio,unfurnished,6761838.0
1165.0,3,3,14,7,17,0,tier1,independent_house,unfurnished,9878225.0
3234.0,2,2,32,0,6,3,tier2,apartment,semi,10046846.0
4469.0,4,3,16,20,27,1,tier1,apartment,unfurnished,23441522.0
2614.0,4,4,18,3,14,1,tier2,apartment,fully,12137586.0
1062.0,5,5,30,10,22,0,tier3,independent_house,unfurnished,3527241.0
1669.0,5,5,22,4,12,0,tier2,villa,unfurnished,9949875.0
2857.0,2,2,29,3,10,0,tier1,villa,unfurnished,22623672.0
4497.0,4,5,3,8,18,0,tier2,villa,fully,25000000.0
4208.0,2,2,34,20,26,0,tier1,apartment,semi,19263440.0
4226.0,5,4,16,10,17,1,tier1,villa,fully,25000000.0
3813.0,4,3,32,20,25,3,tier1,apartment,fully,21983371.0
2756.0,5,5,11,17,20,3,tier1,villa,semi,25000000.0
3056.0,2,2,24,9,12,0,metro,independent_house,unfurnished,25000000.0
3409.0,1,1,24,18,28,1,tier1,independent_house,unfurnished,21979674.0
3333.0,1,1,5,7,19,3,metro,apartment,fully,25000000.0
3018.0,3,2,19,10,16,2,tier1,independent_house,unfurnished,20493600.0
950.0,5,5,26,14,16,3,tier2,independent_house,fully,5589545.0
4007.0,4,5,34,12,21,1,tier3,apartment,fully,11294466.0
439.0,5,4,36,17,30,0,metro,apartment,semi,3197008.0
2146.0,3,3,15,3,11,0,tier2,villa,semi,14711128.0
2180.0,5,5,26,10,11,2,tier1,apartment,fully,14575865.0
4483.0,5,4,7,13,15,0,metro,apartment,fully,25000000.0
767.0,2,1,36,6,14,1,metro,apartment,semi,5796247.0
2350.0,5,4,35,18,30,1,metro,apartment,semi,17544194.0
1866.0,1,2,40,6,7,3,metro,villa,semi,17615920.0
800.0,3,3,19,6,17,3,tier1,villa,unfurnished,7756910.0
1317.0,3,4,14,6,17,1,tier1,apartment,fully,8248986.0
2130.0,2,3,31,14,15,2,tier1,independent_house,semi,14758455.0
4157.0,5,5,29,2,5,1,metro,apartment,fully,25000000.0
1991.0,4,3,8,3,4,3,metro,apartment,unfurnished,16976026.0
4008.0,1,1,22,16,24,1,metro,apartment,fully,25000000.0
3408.0,1,1,26,4,7,2,tier1,independent_house,semi,25000000.0
3757.0,1,1,18,2,15,3,tier1,studio,semi,15723882.0
3900.0,2,1,15,5,7,0,tier1,villa,unfurnished,25000000.0
3327.0,1,2,9,8,18,0,metro,apartment,fully,25000000.0
3407.0,2,1,16,0,12,1,metro,apartment,semi,24847254.0
1031.0,4,4,10,17,20,3,tier3,apartment,semi,3836989.0
3339.0,5,5,12,2,6,2,metro,independent_house,unfurnished,25000000.0
598.0,4,4,7,8,20,0,metro,apartment,unfurnished,5038763.0
3423.0,3,4,15,4,6,1,metro,studio,unfurnished,23073573.0
3080.0,4,3,25,6,13,2,tier3,villa,unfurnished,12431706.0
3503.0,5,5,15,0,4,3,tier2,villa,semi,25000000.0
3033.0,1,2,5,19,20,1,tier2,independent_house,semi,18448505.0
1911.0,5,5,32,19,26,0,tier3,apartment,semi,4733573.0
1914.0,4,3,17,2,9,0,metro,independent_house,semi,21341758.0
2844.0,2,1,23,4,9,0,tier3,apartment,semi,5778084.0
2338.0,3,2,21,18,30,0,metro,independent_house,unfurnished,22100930.0
1796.0,3,4,20,8,10,1,tier2,villa,fully,12576064.0
2405.0,1,1,17,1,8,1,tier1,apartment,semi,13636128.0
2600.0,2,2,30,2,5,1,tier1,independent_house,semi,21369280.0
1383.0,2,2,35,8,19,3,tier3,apartment,fully,3542884.0
3016.0,1,2,37,11,19,1,metro,apartment,fully,21186240.0
1688.0,3,4,18,13,23,2,tier3,independent_house,semi,7027920.0
1497.0,3,2,13,3,5,2,tier1,villa,semi,15987278.0
2115.0,2,3,3,7,14,0,tier2,independent_house,fully,13252797.0
823.0,1,1,18,5,6,3,tier3,villa,fully,3752512.0
2873.0,5,4,40,11,16,1,metro,villa,unfurnished,25000000.0
3406.0,4,3,10,6,20,3,tier3,apartment,semi,11389561.0
4318.0,3,3,34,4,15,0,tier2,apartment,fully,15397975.0
1562.0,4,4,31,17,19,3,tier2,studio,fully,5185870.0
2607.0,2,3,27,11,17,2,metro,apartment,unfurnished,16586440.0
2464.0,2,3,23,9,22,0,tier1,villa,semi,21142847.0
3397.0,4,4,31,2,5,3,tier2,apartment,semi,15119722.0
2961.0,4,4,4,1,12,2,tier1,apartment,unfurnished,19275038.0
3708.0,4,3,5,16,21,3,metro,villa,semi,25000000.0
3887.0,3,4,8,20,27,0,metro,independent_house,semi,25000000.0
865.0,1,1,31,12,25,3,tier3,independent_house,unfurnished,2547185.0
1855.0,4,5,17,0,10,3,metro,independent_house,unfurnished,20875201.0
3077.0,4,4,8,10,14,1,tier2,apartment,fully,14877548.0
2629.0,3,4,1,5,6,1,tier3,villa,fully,11974539.0
2376.0,2,3,20,1,5,1,metro,apartment,fully,21074549.0
1109.0,5,5,16,2,8,1,metro,independent_house,fully,16819461.0
2746.0,2,2,7,10,12,3,tier2,apartment,fully,14050495.0
3436.0,2,1,0,8,21,3,metro,villa,semi,25000000.0
557.0,4,3,30,11,12,0,tier2,apartment,unfurnished,1865641.0
2825.0,3,3,31,14,22,0,tier2,independent_house,fully,15561386.0
4115.0,3,4,10,5,19,0,tier2,independent_house,semi,23760666.0
2752.0,4,5,20,6,11,2,tier1,independent_house,unfurnished,21827525.0
4306.0,2,1,10,14,22,1,tier2,apartment,fully,17092785.0
1845.0,1,1,16,4,6,3,tier2,studio,unfurnished,5050495.0
414.0,1,2,4,1,12,3,metro,apartment,fully,4147005.0
3196.0,5,4,38,17,30,0,tier2,apartment,semi,11921789.0
1272.0,3,3,29,4,15,2,tier3,apartment,unfurnished,3204045.0
439.0,3,4,36,2,5,3,tier2,apartment,fully,1478169.0
1138.0,2,1,12,15,20,3,tier1,villa,fully,10942855.0
4229.0,4,3,35,11,22,2,tier1,apartment,semi,23571416.0
3603.0,5,5,21,3,15,1,metro,apartment,semi,25000000.0
1527.0,4,5,8,17,23,3,metro,independent_house,unfurnished,20159261.0
2852.0,3,2,13,5,19,1,metro,independent_house,unfurnished,25000000.0
1791.0,3,4,33,14,17,3,tier3,independent_house,unfurnished,5540128.0
1127.0,5,4,31,13,24,1,metro,villa,unfurnished,12888757.0
4452.0,5,5,29,17,24,3,tier2,apartment,unfurnished,17905910.0
3737.0,2,2,9,15,25,3,metro,independent_house,semi,25000000.0
1890.0,5,4,26,14,23,2,tier1,apartment,unfurnished,8935497.0
1849.0,5,5,38,1,8,0,tier1,apartment,semi,9415734.0
3743.0,5,5,1,19,30,0,tier1,apartment,unfurnished,25000000.0
2289.0,1,2,13,2,14,3,tier2,independent_house,unfurnished,13076843.0
1945.0,1,1,3,5,17,3,tier3,apartment,fully,6178575.0
1987.0,2,2,4,9,11,2,tier3,independent_house,fully,9332156.0
2231.0,4,5,40,6,12,3,metro,apartment,fully,17671385.0
2537.0,1,1,9,12,23,3,tier2,villa,unfurnished,18205971.0
564.0,1,1,7,1,14,1,metro,villa,semi,7565867.0
2368.0,1,1,3,9,15,3,tier3,apartment,unfurnished,5802322.0
2203.0,1,1,40,7,18,3,tier1,apartment,semi,10158807.0
1525.0,5,5,19,13,21,1,tier1,villa,fully,16495181.0
1857.0,4,5,32,10,14,0,metro,villa,unfurnished,20593279.0
2140.0,4,3,10,15,28,2,metro,apartment,fully,18835436.0
1900.0,2,3,26,3,10,1,metro,independent_house,semi,18350170.0
4124.0,4,5,36,19,28,1,tier3,apartment,unfurnished,9643937.0
2566.0,4,3,27,8,13,2,tier2,apartment,unfurnished,9457952.0
2461.0,3,4,21,7,8,3,tier3,apartment,fully,7208147.0
1478.0,5,4,8,11,18,0,metro,villa,semi,25000000.0
4157.0,3,2,9,3,14,3,tier2,apartment,unfurnished,16603535.0
495.0,2,2,24,17,22,1,tier1,independent_house,unfurnished,3675060.0
2655.0,4,5,18,5,19,2,tier1,apartment,fully,19359744.0
1092.0,5,5,1,19,30,3,tier1,independent_house,unfurnished,10461025.0
3552.0,5,5,8,3,12,0,tier1,apartment,fully,25000000.0
1950.0,3,4,17,18,30,0,tier2,villa,semi,12535265.0
1603.0,3,2,7,8,21,3,metro,independent_house,unfurnished,19511098.0
637.0,5,5,22,12,23,1,tier1,apartment,unfurnished,3441233.0
3640.0,4,4,12,18,30,3,tier2,apartment,fully,17815909.0
2025.0,3,2,11,2,12,1,metro,villa,semi,25000000.0
1483.0,2,1,4,7,20,2,tier3,studio,unfurnished,3086226.0
3861.0,5,4,20,19,21,2,tier1,studio,unfurnished,16803008.0
480.0,5,4,7,3,8,3,tier2,apartment,fully,2156817.0
2322.0,1,1,25,2,15,2,tier2,independent_house,semi,11601667.0
1058.0,1,2,38,10,17,2,tier2,apartment,semi,3237620.0
920.0,1,1,37,0,1,1,tier2,apartment,unfurnished,2230881.0
488.0,2,2,27,20,30,1,tier3,independent_house,semi,1550314.0
1166.0,1,2,33,18,28,1,tier2,villa,fully,6322881.0
4282.0,5,4,37,3,16,1,tier1,villa,unfurnished,25000000.0
2226.0,5,5,27,3,4,3,metro,independent_house,fully,25000000.0
4499.0,1,1,10,16,19,0,tier2,apartment,fully,20106193.0
1495.0,5,4,20,10,18,2,metro,independent_house,unfurnished,18468463.0
3525.0,1,2,35,17,20,2,metro,apartment,fully,23564704.0
767.0,4,4,27,20,28,3,metro,apartment,semi,6307950.0
843.0,2,2,14,8,13,2,tier1,apartment,semi,5867346.0
467.0,1,2,6,5,8,1,metro,studio,unfurnished,2804730.0
4085.0,3,4,5,13,24,0,tier2,villa,fully,25000000.0
3153.0,5,5,15,13,14,1,tier2,apartment,semi,13815155.0
3449.0,5,5,32,9,22,1,tier2,independent_house,fully,20028381.0
4202.0,1,1,22,6,9,0,tier1,studio,unfurnished,14993091.0
1762.0,5,5,2,5,14,2,tier1,studio,unfurnished,7861601.0
3362.0,2,1,37,10,24,1,tier2,villa,fully,18147647.0
2459.0,3,4,16,8,10,3,tier1,apartment,semi,14254453.0
2624.0,1,2,16,9,22,0,tier2,villa,unfurnished,14811801.0
3113.0,5,5,33,2,7,3,metro,independent_house,fully,25000000.0
2326.0,4,4,15,18,29,1,tier3,independent_house,unfurnished,8810978.0
498.0,4,5,25,14,26,1,metro,independent_house,fully,5719006.0
